Team Name,Player Name,Birth Date,Nation,Height,Position,Market Value
Manchester City,"#31                    
Ederson","Aug 17, 1993 (30)",Brazil,"1,88 m",Goalkeeper,"€35.00m Last update: May 27, 2024"
Manchester City,"#18                    
                                Stefan Ortega","Nov 6, 1992 (31)",Germany,"1,85 m",Goalkeeper,"€9.00m Last update: May 27, 2024"
Manchester City,"#33                    
                                Scott Carson","Sep 3, 1985 (38)",England,"1,88 m",Goalkeeper,"€200k Last update: May 27, 2024"
Manchester City,"#3                    
                                Rúben Dias","May 14, 1997 (27)",Portugal,"1,87 m",Centre-Back,"€80.00m Last update: May 27, 2024"
Manchester City,"#25                    
                                Manuel Akanji","Jul 19, 1995 (28)",Switzerland,"1,88 m",Centre-Back,"€45.00m Last update: May 27, 2024"
Manchester City,"#6                    
                                Nathan Aké","Feb 18, 1995 (29)",Netherlands,"1,80 m",Centre-Back,"€40.00m Last update: May 27, 2024"
Manchester City,"#5                    
                                John Stones","May 28, 1994 (30)",England,"1,88 m",Centre-Back,"€38.00m Last update: May 27, 2024"
Manchester City,Taylor Harwood-Bellis,"Jan 30, 2002 (22)",England,"1,88 m",Centre-Back,"€22.00m Last update: May 24, 2024"
Manchester City,"#24                    
                                Josko Gvardiol","Jan 23, 2002 (22)",Croatia,"1,85 m",Left-Back,"€75.00m Last update: May 27, 2024"
Manchester City,"#21                    
                                Sergio Gómez","Sep 4, 2000 (23)",Spain,"1,71 m",Left-Back,"€10.00m Last update: May 27, 2024"
Manchester City,Josh Wilson-Esbrand,"Dec 26, 2002 (21)",England,"1,76 m",Left-Back,"€4.00m Last update: May 24, 2024"
Manchester City,"#82                    
                                Rico Lewis","Nov 21, 2004 (19)",England,"1,69 m",Right-Back,"€38.00m Last update: May 27, 2024"
Manchester City,"#2                    
                                Kyle Walker","May 28, 1990 (34)",England,"1,78 m",Right-Back,"€13.00m Last update: May 27, 2024"
Manchester City,Issa Kaboré,"May 12, 2001 (23)",Burkina Faso,"1,80 m",Right-Back,"€10.00m Last update: May 27, 2024"
Manchester City,"#16                    
Rodri","Jun 22, 1996 (27)",Spain,"1,91 m",Defensive Midfield,"€120.00m Last update: May 27, 2024"
Manchester City,"#27                    
                                Matheus Nunes","Aug 27, 1998 (25)",Brazil,"1,83 m",Central Midfield,"€50.00m Last update: May 27, 2024"
Manchester City,"#8                    
                                Mateo Kovacic","May 6, 1994 (30)",Austria,"1,77 m",Central Midfield,"€30.00m Last update: May 27, 2024"
Manchester City,James McAtee,"Oct 18, 2002 (21)",England,"1,80 m",Central Midfield,"€12.00m Last update: May 27, 2024"
Manchester City,"#20                    
                                Bernardo Silva","Aug 10, 1994 (29)",Portugal,"1,73 m",Attacking Midfield,"€70.00m Last update: May 27, 2024"
Manchester City,"#17                    
                                Kevin De Bruyne","Jun 28, 1991 (32)",Belgium,"1,81 m",Attacking Midfield,"€50.00m Last update: May 27, 2024"
Manchester City,"#11                    
                                Jérémy Doku","May 27, 2002 (22)",Belgium,"1,73 m",Left Winger,"€65.00m Last update: May 27, 2024"
Manchester City,"#10                    
                                Jack Grealish","Sep 10, 1995 (28)",England,"1,80 m",Left Winger,"€60.00m Last update: May 27, 2024"
Manchester City,"#47                    
                                Phil Foden","May 28, 2000 (24)",England,"1,71 m",Right Winger,"€150.00m Last update: May 27, 2024"
Manchester City,"#52                    
                                Oscar Bobb","Jul 12, 2003 (20)",Norway,"1,75 m",Right Winger,"€25.00m Last update: May 27, 2024"
Manchester City,"#9                    
                                Erling Haaland","Jul 21, 2000 (23)",England,"1,95 m",Centre-Forward,"€180.00m Last update: May 27, 2024"
Manchester City,"#19                    
                                Julián Álvarez","Jan 31, 2000 (24)",Argentina,"1,70 m",Centre-Forward,"€90.00m Last update: May 27, 2024"
Arsenal FC,"#22                    
                                David Raya","Sep 15, 1995 (28)",Spain,"1,83 m",Goalkeeper,"€35.00m Last update: May 27, 2024"
Arsenal FC,"#1                    
                                Aaron Ramsdale","May 14, 1998 (26)",England,"1,90 m",Goalkeeper,"€25.00m Last update: May 27, 2024"
Arsenal FC,"#31                    
                                Karl Hein","Apr 13, 2002 (22)",Estonia,"1,93 m",Goalkeeper,"€2.00m Last update: May 27, 2024"
Arsenal FC,Arthur Okonkwo,"Sep 9, 2001 (22)",England,"1,98 m",Goalkeeper,"€1.80m Last update: Dec 29, 2023"
Arsenal FC,"#2                    
                                William Saliba","Mar 24, 2001 (23)",France,"1,92 m",Centre-Back,"€80.00m Last update: May 27, 2024"
Arsenal FC,"#6                    
                                Gabriel Magalhães","Dec 19, 1997 (26)",Brazil,"1,90 m",Centre-Back,"€70.00m Last update: May 27, 2024"
Arsenal FC,"#12                    
                                Jurrien Timber","Jun 17, 2001 (22)",Netherlands,"1,79 m",Centre-Back,"€38.00m Last update: May 27, 2024"
Arsenal FC,"#35                    
                                Oleksandr Zinchenko","Dec 15, 1996 (27)",Ukraine,"1,75 m",Left-Back,"€38.00m Last update: May 27, 2024"
Arsenal FC,"#15                    
                                Jakub Kiwior","Feb 15, 2000 (24)",Poland,"1,89 m",Left-Back,"€30.00m Last update: May 27, 2024"
Arsenal FC,"#4                    
                                Ben White","Oct 8, 1997 (26)",England,"1,86 m",Right-Back,"€55.00m Last update: May 27, 2024"
Arsenal FC,"#18                    
                                Takehiro Tomiyasu","Nov 5, 1998 (25)",Japan,"1,88 m",Right-Back,"€35.00m Last update: May 27, 2024"
Arsenal FC,"#17                    
                                Cédric Soares","Aug 31, 1991 (32)",Germany,"1,71 m",Right-Back,"€2.00m Last update: May 27, 2024"
Arsenal FC,"#41                    
                                Declan Rice","Jan 14, 1999 (25)",England,"1,88 m",Defensive Midfield,"€120.00m Last update: May 27, 2024"
Arsenal FC,"#5                    
                                Thomas Partey","Jun 13, 1993 (30)",Ghana,"1,85 m",Defensive Midfield,"€18.00m Last update: May 27, 2024"
Arsenal FC,"#20                    
Jorginho","Dec 20, 1991 (32)",Brazil,"1,78 m",Defensive Midfield,"€12.00m Last update: May 27, 2024"
Arsenal FC,"#25                    
                                Mohamed Elneny","Jul 11, 1992 (31)",Egypt,"1,79 m",Defensive Midfield,"€3.50m Last update: May 27, 2024"
Arsenal FC,Albert Sambi Lokonga,"Oct 22, 1999 (24)",Belgium,"1,83 m",Central Midfield,"€15.00m Last update: May 27, 2024"
Arsenal FC,"#8                    
                                Martin Ødegaard","Dec 17, 1998 (25)",Norway,"1,78 m",Attacking Midfield,"€110.00m Last update: May 27, 2024"
Arsenal FC,"#29                    
                                Kai Havertz","Jun 11, 1999 (24)",Germany,"1,93 m",Attacking Midfield,"€70.00m Last update: May 27, 2024"
Arsenal FC,"#10                    
                                Emile Smith Rowe","Jul 28, 2000 (23)",England,"1,82 m",Attacking Midfield,"€22.00m Last update: May 27, 2024"
Arsenal FC,"#21                    
                                Fábio Vieira","May 30, 2000 (24)",Portugal,"1,70 m",Attacking Midfield,"€22.00m Last update: May 27, 2024"
Arsenal FC,"#11                    
                                Gabriel Martinelli","Jun 18, 2001 (22)",Brazil,"1,78 m",Left Winger,"€70.00m Last update: May 27, 2024"
Arsenal FC,"#19                    
                                Leandro Trossard","Dec 4, 1994 (29)",Belgium,"1,72 m",Left Winger,"€35.00m Last update: May 27, 2024"
Arsenal FC,"#7                    
                                Bukayo Saka","Sep 5, 2001 (22)",England,"1,78 m",Right Winger,"€140.00m Last update: May 27, 2024"
Arsenal FC,"#24                    
                                Reiss Nelson","Dec 10, 1999 (24)",England,"1,75 m",Right Winger,"€15.00m Last update: May 27, 2024"
Arsenal FC,"#9                    
Gabriel Jesus","Apr 3, 1997 (27)",Brazil,"1,75 m",Centre-Forward,"€65.00m Last update: May 27, 2024"
Arsenal FC,"#14                    
                                Eddie Nketiah","May 30, 1999 (25)",England,"1,75 m",Centre-Forward,"€30.00m Last update: May 27, 2024"
Liverpool FC,"#1                    
Alisson","Oct 2, 1992 (31)",Brazil,"1,93 m",Goalkeeper,"€28.00m Last update: May 27, 2024"
Liverpool FC,"#62                    
                                Caoimhín Kelleher","Nov 23, 1998 (25)",Ireland,"1,88 m",Goalkeeper,"€20.00m Last update: May 27, 2024"
Liverpool FC,"#13                    
Adrián","Jan 3, 1987 (37)",Spain,"1,90 m",Goalkeeper,"€600k Last update: May 27, 2024"
Liverpool FC,"#5                    
                                Ibrahima Konaté","May 25, 1999 (25)",France,"1,94 m",Centre-Back,"€45.00m Last update: May 27, 2024"
Liverpool FC,"#4                    
                                Virgil van Dijk","Jul 8, 1991 (32)",Netherlands,"1,95 m",Centre-Back,"€30.00m Last update: May 27, 2024"
Liverpool FC,"#2                    
                                Joe Gomez","May 23, 1997 (27)",England,"1,88 m",Centre-Back,"€28.00m Last update: May 27, 2024"
Liverpool FC,"#78                    
                                Jarell Quansah","Jan 29, 2003 (21)",England,"1,90 m",Centre-Back,"€22.00m Last update: May 27, 2024"
Liverpool FC,"#32                    
                                Joel Matip","Aug 8, 1991 (32)",Germany,"1,95 m",Centre-Back,"€8.00m Last update: May 27, 2024"
Liverpool FC,Nathaniel Phillips,"Mar 21, 1997 (27)",England,"1,90 m",Centre-Back,"€3.50m Last update: May 24, 2024"
Liverpool FC,"#46                    
                                Rhys Williams","Feb 3, 2001 (23)",England,"1,95 m",Centre-Back,"€1.80m Last update: May 27, 2024"
Liverpool FC,"#26                    
                                Andrew Robertson","Mar 11, 1994 (30)",Scotland,"1,78 m",Left-Back,"€30.00m Last update: May 27, 2024"
Liverpool FC,"#21                    
                                Konstantinos Tsimikas","May 12, 1996 (28)",Greece,"1,79 m",Left-Back,"€22.00m Last update: May 27, 2024"
Liverpool FC,"#66                    
                                Trent Alexander-Arnold","Oct 7, 1998 (25)",England,"1,80 m",Right-Back,"€70.00m Last update: May 27, 2024"
Liverpool FC,"#84                    
                                Conor Bradley","Jul 9, 2003 (20)",Northern Ireland,"1,81 m",Right-Back,"€15.00m Last update: May 27, 2024"
Liverpool FC,Calvin Ramsay,"Jul 31, 2003 (20)",Scotland,"1,77 m",Right-Back,"€4.00m Last update: Dec 21, 2023"
Liverpool FC,"#3                    
                                Wataru Endo","Feb 9, 1993 (31)",Japan,"1,78 m",Defensive Midfield,"€13.00m Last update: May 27, 2024"
Liverpool FC,"#43                    
                                Stefan Bajcetic","Oct 22, 2004 (19)",Spain,"1,85 m",Defensive Midfield,"€11.00m Last update: May 27, 2024"
Liverpool FC,"#8                    
                                Dominik Szoboszlai","Oct 25, 2000 (23)",Hungary,"1,87 m",Central Midfield,"€75.00m Last update: May 27, 2024"
Liverpool FC,"#10                    
                                Alexis Mac Allister","Dec 24, 1998 (25)",Argentina,"1,76 m",Central Midfield,"€75.00m Last update: May 27, 2024"
Liverpool FC,"#17                    
                                Curtis Jones","Jan 30, 2001 (23)",England,"1,85 m",Central Midfield,"€35.00m Last update: May 27, 2024"
Liverpool FC,"#38                    
                                Ryan Gravenberch","May 16, 2002 (22)",Netherlands,"1,90 m",Central Midfield,"€35.00m Last update: May 27, 2024"
Liverpool FC,"#6                    
Thiago","Apr 11, 1991 (33)",Italy,"1,74 m",Central Midfield,"€10.00m Last update: May 27, 2024"
Liverpool FC U21,"#42                    
                                Bobby Clark","Feb 7, 2005 (19)",England,"1,78 m",Central Midfield,"€1.00m Last update: May 27, 2024"
Liverpool FC,"#19                    
                                Harvey Elliott","Apr 4, 2003 (21)",England,"1,70 m",Attacking Midfield,"€35.00m Last update: May 27, 2024"
Liverpool FC,Fábio Carvalho,"Aug 30, 2002 (21)",Portugal,"1,70 m",Attacking Midfield,"€14.00m Last update: May 24, 2024"
Liverpool FC,"#7                    
                                Luis Díaz","Jan 13, 1997 (27)",Colombia,"1,80 m",Left Winger,"€75.00m Last update: May 27, 2024"
Liverpool FC,"#18                    
                                Cody Gakpo","May 7, 1999 (25)",Netherlands,"1,93 m",Left Winger,"€50.00m Last update: May 27, 2024"
Liverpool FC,"#20                    
Diogo Jota","Dec 4, 1996 (27)",Portugal,"1,78 m",Left Winger,"€50.00m Last update: May 27, 2024"
Liverpool FC,"#11                    
Mohamed Salah","Jun 15, 1992 (31)",Egypt,"1,75 m",Right Winger,"€55.00m Last update: May 27, 2024"
Liverpool FC,"#50                    
                                Ben Doak","Nov 11, 2005 (18)",Scotland,"1,73 m",Right Winger,"€10.00m Last update: May 27, 2024"
Liverpool FC,"#9                    
                                Darwin Núñez","Jun 24, 1999 (24)",Uruguay,"1,87 m",Centre-Forward,"€70.00m Last update: May 27, 2024"
Chelsea FC,"#1                    
                                Robert Sánchez","Nov 18, 1997 (26)",Spain,"1,97 m",Goalkeeper,"€20.00m Last update: May 27, 2024"
Chelsea FC,"#28                    
                                Djordje Petrovic","Oct 8, 1999 (24)",Yugoslavia (Republic),"1,94 m",Goalkeeper,"€20.00m Last update: May 27, 2024"
Chelsea FC,"#13                    
                                Marcus Bettinelli","May 24, 1992 (32)",England,"1,93 m",Goalkeeper,"€1.00m Last update: May 27, 2024"
Chelsea FC,"#26                    
                                Levi Colwill","Feb 26, 2003 (21)",England,"1,87 m",Centre-Back,"€50.00m Last update: May 27, 2024"
Chelsea FC,"#2                    
                                Axel Disasi","Mar 11, 1998 (26)",France,"1,90 m",Centre-Back,"€40.00m Last update: May 27, 2024"
Chelsea FC,"#5                    
                                Benoît Badiashile","Mar 26, 2001 (23)",France,"1,94 m",Centre-Back,"€30.00m Last update: May 27, 2024"
Chelsea FC,"#33                    
                                Wesley Fofana","Dec 17, 2000 (23)",France,"1,86 m",Centre-Back,"€25.00m Last update: May 27, 2024"
Chelsea FC,"#14                    
                                Trevoh Chalobah","Jul 5, 1999 (24)",Sierra Leone,"1,92 m",Centre-Back,"€13.00m Last update: May 27, 2024"
Chelsea FC,"#42                    
                                Alfie Gilchrist","Nov 28, 2003 (20)",England,"1,83 m",Centre-Back,"€5.00m Last update: May 27, 2024"
Chelsea FC,Malang Sarr,"Jan 23, 1999 (25)",France,"1,83 m",Centre-Back,"€4.00m Last update: May 27, 2024"
Chelsea FC,"#6                    
                                Thiago Silva","Sep 22, 1984 (39)",Brazil,"1,81 m",Centre-Back,"€1.00m Last update: May 27, 2024"
Chelsea FC,"#21                    
                                Ben Chilwell","Dec 21, 1996 (27)",England,"1,80 m",Left-Back,"€28.00m Last update: May 27, 2024"
Chelsea FC,"#3                    
                                Marc Cucurella","Jul 22, 1998 (25)",Spain,"1,73 m",Left-Back,"€25.00m Last update: May 27, 2024"
Chelsea FC,"#24                    
                                Reece James","Dec 8, 1999 (24)",England,"1,80 m",Right-Back,"€40.00m Last update: May 27, 2024"
Chelsea FC,"#27                    
                                Malo Gusto","May 19, 2003 (21)",France,"1,78 m",Right-Back,"€35.00m Last update: May 27, 2024"
Chelsea FC,"#25                    
                                Moisés Caicedo","Nov 2, 2001 (22)",Ecuador,"1,78 m",Defensive Midfield,"€75.00m Last update: May 27, 2024"
Chelsea FC,"#45                    
                                Roméo Lavia","Jan 6, 2004 (20)",Belgium,"1,81 m",Defensive Midfield,"€35.00m Last update: May 27, 2024"
Chelsea FC,"#16                    
                                Lesley Ugochukwu","Mar 26, 2004 (20)",France,"1,90 m",Defensive Midfield,"€25.00m Last update: May 27, 2024"
Chelsea FC,"#8                    
                                Enzo Fernández","Jan 17, 2001 (23)",Argentina,"1,78 m",Central Midfield,"€75.00m Last update: May 27, 2024"
Chelsea FC,"#23                    
                                Conor Gallagher","Feb 6, 2000 (24)",England,"1,82 m",Central Midfield,"€50.00m Last update: May 27, 2024"
Chelsea FC,"#17                    
                                Carney Chukwuemeka","Oct 20, 2003 (20)",Austria,"1,87 m",Central Midfield,"€15.00m Last update: May 27, 2024"
Chelsea FC,"#31                    
                                Cesare Casadei","Jan 10, 2003 (21)",Italy,"1,85 m",Central Midfield,"€10.00m Last update: May 27, 2024"
Chelsea FC,"#20                    
                                Cole Palmer","May 6, 2002 (22)",England,"1,89 m",Attacking Midfield,"€80.00m Last update: May 27, 2024"
Chelsea FC,"#18                    
                                Christopher Nkunku","Nov 14, 1997 (26)",France,"1,77 m",Attacking Midfield,"€65.00m Last update: May 27, 2024"
Chelsea FC,"#7                    
                                Raheem Sterling","Dec 8, 1994 (29)",Jamaica,"1,70 m",Left Winger,"€35.00m Last update: May 27, 2024"
Chelsea FC,"#10                    
                                Mykhaylo Mudryk","Jan 5, 2001 (23)",Ukraine,"1,75 m",Left Winger,"€35.00m Last update: May 27, 2024"
Chelsea FC,"#43                    
                                Diego Moreira","Aug 6, 2004 (19)",Belgium,"1,79 m",Left Winger,"€3.00m Last update: May 27, 2024"
Chelsea FC,"#11                    
                                Noni Madueke","Mar 10, 2002 (22)",England,"1,82 m",Right Winger,"€28.00m Last update: May 27, 2024"
Chelsea FC,"#15                    
                                Nicolas Jackson","Jun 20, 2001 (22)",Senegal,"1,88 m",Centre-Forward,"€35.00m Last update: May 27, 2024"
Chelsea FC,David Datro Fofana,"Dec 22, 2002 (21)",Cote d'Ivoire,"1,80 m",Centre-Forward,"€12.00m Last update: May 27, 2024"
Chelsea FC,"#36                    
Deivid Washington","Jun 5, 2005 (18)",Brazil,"1,87 m",Centre-Forward,"€9.00m Last update: May 27, 2024"
Tottenham Hotspur,"#13                    
                                Guglielmo Vicario","Oct 7, 1996 (27)",Italy,"1,94 m",Goalkeeper,"€35.00m Last update: May 27, 2024"
Tottenham Hotspur,"#20                    
                                Fraser Forster","Mar 17, 1988 (36)",England,"2,01 m",Goalkeeper,"€1.20m Last update: May 27, 2024"
Tottenham Hotspur,"#40                    
                                Brandon Austin","Jan 8, 1999 (25)",England,"1,88 m",Goalkeeper,"€600k Last update: May 27, 2024"
Tottenham Hotspur,"#41                    
                                Alfie Whiteman","Oct 2, 1998 (25)",England,"1,88 m",Goalkeeper,"€500k Last update: May 27, 2024"
Tottenham Hotspur,"#17                    
                                Cristian Romero","Apr 27, 1998 (26)",Argentina,"1,85 m",Centre-Back,"€60.00m Last update: May 27, 2024"
Tottenham Hotspur,"#37                    
                                Micky van de Ven","Apr 19, 2001 (23)",Netherlands,"1,93 m",Centre-Back,"€55.00m Last update: May 27, 2024"
Tottenham Hotspur,"#6                    
                                Radu Drăgușin","Feb 3, 2002 (22)",Romania,"1,91 m",Centre-Back,"€25.00m Last update: May 27, 2024"
Tottenham Hotspur,Joe Rodon,"Oct 22, 1997 (26)",Wales,"1,93 m",Centre-Back,"€8.00m Last update: May 24, 2024"
Tottenham Hotspur,Ashley Phillips,"Jun 26, 2005 (18)",England,"1,96 m",Centre-Back,"€2.20m Last update: May 24, 2024"
Tottenham Hotspur,Japhet Tanganga,"Mar 31, 1999 (25)",England,"1,84 m",Centre-Back,"€1.80m Last update: May 24, 2024"
Tottenham Hotspur,"#38                    
                                Destiny Udogie","Nov 28, 2002 (21)",Italy,"1,88 m",Left-Back,"€45.00m Last update: May 27, 2024"
Tottenham Hotspur,Sergio Reguilón,"Dec 16, 1996 (27)",Spain,"1,78 m",Left-Back,"€12.00m Last update: May 27, 2024"
Tottenham Hotspur,"#33                    
                                Ben Davies","Apr 24, 1993 (31)",Wales,"1,81 m",Left-Back,"€10.00m Last update: May 27, 2024"
Tottenham Hotspur,"#23                    
                                Pedro Porro","Sep 13, 1999 (24)",Spain,"1,73 m",Right-Back,"€45.00m Last update: May 27, 2024"
Tottenham Hotspur,"#12                    
Emerson Royal","Jan 14, 1999 (25)",Brazil,"1,83 m",Right-Back,"€18.00m Last update: May 27, 2024"
Tottenham Hotspur,"#8                    
                                Yves Bissouma","Aug 30, 1996 (27)",Cote d'Ivoire,"1,82 m",Defensive Midfield,"€35.00m Last update: May 27, 2024"
Tottenham Hotspur,"#5                    
                                Pierre-Emile Højbjerg","Aug 5, 1995 (28)",Denmark,"1,85 m",Defensive Midfield,"€18.00m Last update: May 27, 2024"
Tottenham Hotspur,"#4                    
                                Oliver Skipp","Sep 16, 2000 (23)",England,"1,75 m",Defensive Midfield,"€15.00m Last update: May 27, 2024"
Tottenham Hotspur,"#29                    
                                Pape Matar Sarr","Sep 14, 2002 (21)",Senegal,"1,84 m",Central Midfield,"€45.00m Last update: May 27, 2024"
Tottenham Hotspur,"#30                    
                                Rodrigo Bentancur","Jun 25, 1997 (26)",Uruguay,"1,87 m",Central Midfield,"€35.00m Last update: May 27, 2024"
Tottenham Hotspur,"#19                    
                                Ryan Sessegnon","May 18, 2000 (24)",England,"1,78 m",Left Midfield,"€10.00m Last update: May 27, 2024"
Tottenham Hotspur,"#10                    
                                James Maddison","Nov 23, 1996 (27)",England,"1,75 m",Attacking Midfield,"€70.00m Last update: May 27, 2024"
Tottenham Hotspur,"#18                    
                                Giovani Lo Celso","Apr 9, 1996 (28)",Argentina,"1,77 m",Attacking Midfield,"€16.00m Last update: May 27, 2024"
Tottenham Hotspur,"#7                    
                                Heung-min Son","Jul 8, 1992 (31)","Korea, South","1,84 m",Left Winger,"€45.00m Last update: May 27, 2024"
Tottenham Hotspur,"#11                    
                                Bryan Gil","Feb 11, 2001 (23)",Spain,"1,75 m",Left Winger,"€14.00m Last update: May 27, 2024"
Tottenham Hotspur,"#27                    
                                Manor Solomon","Jul 24, 1999 (24)",Israel,"1,70 m",Left Winger,"€13.00m Last update: May 27, 2024"
Tottenham Hotspur,"#21                    
                                Dejan Kulusevski","Apr 25, 2000 (24)",Sweden,"1,86 m",Right Winger,"€55.00m Last update: May 27, 2024"
Tottenham Hotspur,"#22                    
                                Brennan Johnson","May 23, 2001 (23)",England,"1,86 m",Right Winger,"€48.00m Last update: May 27, 2024"
Tottenham Hotspur,"#9                    
Richarlison","May 10, 1997 (27)",Brazil,"1,84 m",Centre-Forward,"€38.00m Last update: May 27, 2024"
Tottenham Hotspur,"#16                    
                                Timo Werner","Mar 6, 1996 (28)",Germany,"1,80 m",Centre-Forward,"€17.00m Last update: May 27, 2024"
Manchester United,"#24                    
                                André Onana","Apr 2, 1996 (28)",Cameroon,"1,90 m",Goalkeeper,"€35.00m Last update: May 27, 2024"
Manchester United,"#1                    
                                Altay Bayındır","Apr 14, 1998 (26)",Türkiye,"1,98 m",Goalkeeper,"€10.00m Last update: May 27, 2024"
Manchester United,"#22                    
                                Tom Heaton","Apr 15, 1986 (38)",England,"1,88 m",Goalkeeper,"€250k Last update: May 27, 2024"
Manchester United,"#6                    
                                Lisandro Martínez","Jan 18, 1998 (26)",Argentina,"1,75 m",Centre-Back,"€45.00m Last update: May 27, 2024"
Manchester United,"#19                    
                                Raphaël Varane","Apr 25, 1993 (31)",France,"1,91 m",Centre-Back,"€20.00m Last update: May 27, 2024"
Manchester United,"#5                    
                                Harry Maguire","Mar 5, 1993 (31)",England,"1,94 m",Centre-Back,"€18.00m Last update: May 27, 2024"
Manchester United,"#2                    
                                Victor Lindelöf","Jul 17, 1994 (29)",Sweden,"1,87 m",Centre-Back,"€15.00m Last update: May 27, 2024"
Manchester United,"#53                    
                                Willy Kambwala","Aug 25, 2004 (19)",DR Congo,"1,92 m",Centre-Back,"€5.00m Last update: May 27, 2024"
Manchester United,"#35                    
                                Jonny Evans","Jan 3, 1988 (36)",Northern Ireland,"1,88 m",Centre-Back,"€2.00m Last update: May 27, 2024"
Manchester United,"#23                    
                                Luke Shaw","Jul 12, 1995 (28)",England,"1,78 m",Left-Back,"€32.00m Last update: May 27, 2024"
Manchester United,"#12                    
                                Tyrell Malacia","Aug 17, 1999 (24)",Netherlands,"1,69 m",Left-Back,"€18.00m Last update: May 27, 2024"
Manchester United,Brandon Williams,"Sep 3, 2000 (23)",England,"1,80 m",Left-Back,"€2.50m Last update: May 24, 2024"
Manchester United,"#20                    
                                Diogo Dalot","Mar 18, 1999 (25)",Portugal,"1,84 m",Right-Back,"€35.00m Last update: May 27, 2024"
Manchester United,"#29                    
                                Aaron Wan-Bissaka","Nov 26, 1997 (26)",England,"1,83 m",Right-Back,"€20.00m Last update: May 27, 2024"
Manchester United,"#39                    
                                Scott McTominay","Dec 8, 1996 (27)",England,"1,91 m",Defensive Midfield,"€32.00m Last update: May 27, 2024"
Manchester United,"#4                    
                                Sofyan Amrabat","Aug 21, 1996 (27)",Netherlands,"1,85 m",Defensive Midfield,"€22.00m Last update: May 27, 2024"
Manchester United,"#18                    
Casemiro","Feb 23, 1992 (32)",Brazil,"1,85 m",Defensive Midfield,"€20.00m Last update: May 27, 2024"
Manchester United,"#37                    
                                Kobbie Mainoo","Apr 19, 2005 (19)",England,"1,75 m",Central Midfield,"€50.00m Last update: May 27, 2024"
Manchester United,"#14                    
                                Christian Eriksen","Feb 14, 1992 (32)",Denmark,"1,82 m",Central Midfield,"€8.00m Last update: May 27, 2024"
Manchester United,Daniel Gore,"Sep 26, 2004 (19)",England,Central Midfield,N/A,"€900k Last update: Dec 19, 2023"
Manchester United,"#8                    
                                Bruno Fernandes","Sep 8, 1994 (29)",Portugal,"1,79 m",Attacking Midfield,"€70.00m Last update: May 27, 2024"
Manchester United,"#7                    
                                Mason Mount","Jan 10, 1999 (25)",England,"1,81 m",Attacking Midfield,"€35.00m Last update: May 27, 2024"
Manchester United,"#10                    
                                Marcus Rashford","Oct 31, 1997 (26)",England,"1,85 m",Left Winger,"€60.00m Last update: May 27, 2024"
Manchester United,"#17                    
                                Alejandro Garnacho","Jul 1, 2004 (19)",Spain,"1,80 m",Left Winger,"€45.00m Last update: May 27, 2024"
Manchester United,"#21                    
Antony","Feb 24, 2000 (24)",Brazil,"1,72 m",Right Winger,"€25.00m Last update: May 27, 2024"
Manchester United,"#16                    
                                Amad Diallo","Jul 11, 2002 (21)",Cote d'Ivoire,"1,73 m",Right Winger,"€18.00m Last update: May 27, 2024"
Manchester United,"#11                    
                                Rasmus Højlund","Feb 4, 2003 (21)",Denmark,"1,91 m",Centre-Forward,"€65.00m Last update: May 27, 2024"
Manchester United,"#9                    
                                Anthony Martial","Dec 5, 1995 (28)",France,"1,81 m",Centre-Forward,"€10.00m Last update: May 27, 2024"
Aston Villa,"#1                    
                                Emiliano Martínez","Sep 2, 1992 (31)",Argentina,"1,95 m",Goalkeeper,"€28.00m Last update: May 27, 2024"
Aston Villa,"#18                    
                                Joe Gauci","Jul 4, 2000 (23)",Australia,"1,94 m",Goalkeeper,"€1.50m Last update: May 27, 2024"
Aston Villa,"#25                    
                                Robin Olsen","Jan 8, 1990 (34)",Sweden,"1,96 m",Goalkeeper,"€1.50m Last update: May 27, 2024"
Aston Villa,Filip Marschall,"Apr 24, 2003 (21)",England,"1,95 m",Goalkeeper,"€800k Last update: Dec 19, 2023"
Aston Villa,Viljami Sinisalo,"Oct 11, 2001 (22)",Finland,"1,90 m",Goalkeeper,"€600k Last update: Dec 27, 2023"
Aston Villa,"#14                    
                                Pau Torres","Jan 16, 1997 (27)",Spain,"1,92 m",Centre-Back,"€45.00m Last update: May 27, 2024"
Aston Villa,"#4                    
                                Ezri Konsa","Oct 23, 1997 (26)",England,"1,83 m",Centre-Back,"€35.00m Last update: May 27, 2024"
Aston Villa,"#3                    
Diego Carlos","Mar 15, 1993 (31)",Brazil,"1,85 m",Centre-Back,"€16.00m Last update: May 27, 2024"
Aston Villa,"#5                    
                                Tyrone Mings","Mar 13, 1993 (31)",England,"1,96 m",Centre-Back,"€13.00m Last update: May 27, 2024"
Aston Villa,"#17                    
                                Clément Lenglet","Jun 17, 1995 (28)",France,"1,86 m",Centre-Back,"€10.00m Last update: May 27, 2024"
Aston Villa,"#16                    
                                Calum Chambers","Jan 20, 1995 (29)",England,"1,82 m",Centre-Back,"€4.00m Last update: May 27, 2024"
Aston Villa,"#30                    
                                Kortney Hause","Jul 16, 1995 (28)",England,"1,91 m",Centre-Back,"€2.00m Last update: May 27, 2024"
Aston Villa,"#15                    
                                Álex Moreno","Jun 8, 1993 (30)",Spain,"1,79 m",Left-Back,"€13.00m Last update: May 27, 2024"
Aston Villa,"#12                    
                                Lucas Digne","Jul 20, 1993 (30)",France,"1,78 m",Left-Back,"€12.00m Last update: May 27, 2024"
Aston Villa,Lino Sousa,"Jan 19, 2005 (19)",Portugal,"1,85 m",Left-Back,"€2.00m Last update: May 24, 2024"
Aston Villa,"#2                    
                                Matty Cash","Aug 7, 1997 (26)",England,"1,85 m",Right-Back,"€28.00m Last update: May 27, 2024"
Aston Villa,"#29                    
                                Kaine Kesler-Hayden","Oct 23, 2002 (21)",England,"1,75 m",Right-Back,"€2.20m Last update: May 27, 2024"
Aston Villa,"#44                    
                                Boubacar Kamara","Nov 23, 1999 (24)",France,"1,84 m",Defensive Midfield,"€38.00m Last update: May 27, 2024"
Aston Villa,"#6                    
Douglas Luiz","May 9, 1998 (26)",Brazil,"1,77 m",Central Midfield,"€70.00m Last update: May 27, 2024"
Aston Villa,"#7                    
                                John McGinn","Oct 18, 1994 (29)",Scotland,"1,78 m",Central Midfield,"€30.00m Last update: May 27, 2024"
Aston Villa,"#8                    
                                Youri Tielemans","May 7, 1997 (27)",Belgium,"1,77 m",Central Midfield,"€25.00m Last update: May 27, 2024"
Aston Villa,"#47                    
                                Tim Iroegbunam","Jun 30, 2003 (20)",England,"1,83 m",Central Midfield,"€4.00m Last update: May 27, 2024"
Aston Villa,"#41                    
                                Jacob Ramsey","May 28, 2001 (23)",England,"1,80 m",Attacking Midfield,"€35.00m Last update: May 27, 2024"
Aston Villa,"#22                    
                                Nicolò Zaniolo","Jul 2, 1999 (24)",Italy,"1,90 m",Attacking Midfield,"€20.00m Last update: May 27, 2024"
Aston Villa,"#31                    
                                Leon Bailey","Aug 9, 1997 (26)",Jamaica,"1,78 m",Left Winger,"€42.00m Last update: May 27, 2024"
Aston Villa,"#27                    
                                Morgan Rogers","Jul 26, 2002 (21)",England,"1,87 m",Left Winger,"€15.00m Last update: May 27, 2024"
Aston Villa,"#19                    
                                Moussa Diaby","Jul 7, 1999 (24)",France,"1,71 m",Right Winger,"€55.00m Last update: May 27, 2024"
Aston Villa,"#10                    
                                Emiliano Buendía","Dec 25, 1996 (27)",Argentina,"1,72 m",Right Winger,"€22.00m Last update: May 27, 2024"
Aston Villa,"#11                    
                                Ollie Watkins","Dec 30, 1995 (28)",England,"1,80 m",Centre-Forward,"€65.00m Last update: May 27, 2024"
Aston Villa,"#24                    
                                Jhon Durán","Dec 13, 2003 (20)",Colombia,"1,85 m",Centre-Forward,"€20.00m Last update: May 27, 2024"
Newcastle United,"#22                    
                                Nick Pope","Apr 19, 1992 (32)",England,"1,98 m",Goalkeeper,"€16.00m Last update: May 27, 2024"
Newcastle United,"#1                    
                                Martin Dúbravka","Jan 15, 1989 (35)",CSSR,"1,91 m",Goalkeeper,"€1.00m Last update: May 27, 2024"
Newcastle United,"#18                    
                                Loris Karius","Jun 22, 1993 (30)",Germany,"1,91 m",Goalkeeper,"€1.00m Last update: May 27, 2024"
Newcastle United,"#29                    
                                Mark Gillespie","Mar 27, 1992 (32)",England,"1,91 m",Goalkeeper,"€300k Last update: May 27, 2024"
Newcastle United,"#4                    
                                Sven Botman","Jan 12, 2000 (24)",Netherlands,"1,95 m",Centre-Back,"€45.00m Last update: May 27, 2024"
Newcastle United,"#5                    
                                Fabian Schär","Dec 20, 1991 (32)",Switzerland,"1,86 m",Centre-Back,"€10.00m Last update: May 27, 2024"
Newcastle United,"#6                    
                                Jamaal Lascelles","Nov 11, 1993 (30)",England,"1,88 m",Centre-Back,"€7.00m Last update: May 27, 2024"
Newcastle United,"#3                    
                                Paul Dummett","Sep 26, 1991 (32)",England,"1,83 m",Centre-Back,"€900k Last update: May 27, 2024"
Newcastle United,Kell Watts,"Nov 3, 1999 (24)",England,"1,92 m",Centre-Back,"€250k Last update: Dec 27, 2023"
Newcastle United,"#20                    
                                Lewis Hall","Sep 8, 2004 (19)",England,"1,79 m",Left-Back,"€18.00m Last update: May 27, 2024"
Newcastle United,"#13                    
                                Matt Targett","Sep 18, 1995 (28)",England,"1,83 m",Left-Back,"€10.00m Last update: May 27, 2024"
Newcastle United,"#33                    
                                Dan Burn","May 9, 1992 (32)",England,"2,01 m",Left-Back,"€8.00m Last update: May 27, 2024"
Newcastle United,Jamal Lewis,"Jan 25, 1998 (26)",England,"1,78 m",Left-Back,"€3.50m Last update: May 24, 2024"
Newcastle United,"#21                    
                                Tino Livramento","Nov 12, 2002 (21)",England,"1,82 m",Right-Back,"€35.00m Last update: May 27, 2024"
Newcastle United,"#2                    
                                Kieran Trippier","Sep 19, 1990 (33)",England,"1,73 m",Right-Back,"€10.00m Last update: May 27, 2024"
Newcastle United,"#17                    
                                Emil Krafth","Aug 2, 1994 (29)",Sweden,"1,84 m",Right-Back,"€2.50m Last update: May 27, 2024"
Newcastle United,Harrison Ashby,"Nov 14, 2001 (22)",England,"1,79 m",Right-Back,"€1.20m Last update: May 24, 2024"
Newcastle United,"#39                    
                                Bruno Guimarães","Nov 16, 1997 (26)",Brazil,"1,82 m",Defensive Midfield,"€85.00m Last update: May 27, 2024"
Newcastle United,"#8                    
                                Sandro Tonali","May 8, 2000 (24)",Italy,"1,81 m",Defensive Midfield,"€38.00m Last update: May 27, 2024"
Newcastle United,Isaac Hayden,"Mar 22, 1995 (29)",England,"1,87 m",Defensive Midfield,"€1.80m Last update: May 24, 2024"
Newcastle United,"#7                    
Joelinton","Aug 14, 1996 (27)",Brazil,"1,86 m",Central Midfield,"€40.00m Last update: May 27, 2024"
Newcastle United,"#28                    
                                Joe Willock","Aug 20, 1999 (24)",England,"1,86 m",Central Midfield,"€30.00m Last update: May 27, 2024"
Newcastle United,"#36                    
                                Sean Longstaff","Oct 30, 1997 (26)",England,"1,87 m",Central Midfield,"€25.00m Last update: May 27, 2024"
Newcastle United,"#67                    
                                Lewis Miley","May 1, 2006 (18)",England,"1,89 m",Central Midfield,"€22.00m Last update: May 27, 2024"
Newcastle United,"#32                    
                                Elliot Anderson","Nov 6, 2002 (21)",England,"1,79 m",Central Midfield,"€15.00m Last update: May 27, 2024"
Newcastle United,Jeff Hendrick,"Jan 31, 1992 (32)",Ireland,"1,85 m",Central Midfield,"€500k Last update: May 24, 2024"
Newcastle United,"#11                    
                                Matt Ritchie","Sep 10, 1989 (34)",England,"1,73 m",Right Midfield,"€1.00m Last update: May 27, 2024"
Newcastle United,"#10                    
                                Anthony Gordon","Feb 24, 2001 (23)",England,"1,82 m",Left Winger,"€60.00m Last update: May 27, 2024"
Newcastle United,"#15                    
                                Harvey Barnes","Dec 9, 1997 (26)",England,"1,82 m",Left Winger,"€35.00m Last update: May 27, 2024"
Newcastle United,Ryan Fraser,"Feb 24, 1994 (30)",Scotland,"1,63 m",Left Winger,"€3.00m Last update: May 24, 2024"
Newcastle United,"#24                    
                                Miguel Almirón","Feb 10, 1994 (30)",Paraguay,"1,74 m",Right Winger,"€20.00m Last update: May 27, 2024"
Newcastle United,"#23                    
                                Jacob Murphy","Feb 24, 1995 (29)",England,"1,73 m",Right Winger,"€15.00m Last update: May 27, 2024"
Newcastle United,"#14                    
                                Alexander Isak","Sep 21, 1999 (24)",Sweden,"1,92 m",Centre-Forward,"€75.00m Last update: May 27, 2024"
Newcastle United,"#9                    
                                Callum Wilson","Feb 27, 1992 (32)",England,"1,80 m",Centre-Forward,"€13.00m Last update: May 27, 2024"
Brighton & Hove Albion,"#1                    
                                Bart Verbruggen","Aug 18, 2002 (21)",Netherlands,"1,94 m",Goalkeeper,"€18.00m Last update: May 27, 2024"
Brighton & Hove Albion,"#23                    
                                Jason Steele","Aug 18, 1990 (33)",England,"1,88 m",Goalkeeper,"€3.50m Last update: May 27, 2024"
Brighton & Hove Albion,Carl Rushworth,"Jul 2, 2001 (22)",England,"1,91 m",Goalkeeper,"€3.00m Last update: May 24, 2024"
Brighton & Hove Albion,"#38                    
                                Tom McGill","Mar 25, 2000 (24)",Canada,"1,85 m",Goalkeeper,"€600k Last update: May 27, 2024"
Brighton & Hove Albion,"#4                    
                                Adam Webster","Jan 4, 1995 (29)",England,"1,90 m",Centre-Back,"€20.00m Last update: May 27, 2024"
Brighton & Hove Albion,"#29                    
                                Jan Paul van Hecke","Jun 8, 2000 (23)",Netherlands,"1,89 m",Centre-Back,"€18.00m Last update: May 27, 2024"
Brighton & Hove Albion,"#3                    
Igor","Feb 7, 1998 (26)",Brazil,"1,88 m",Centre-Back,"€17.00m Last update: May 27, 2024"
Brighton & Hove Albion,"#5                    
                                Lewis Dunk","Nov 21, 1991 (32)",England,"1,92 m",Centre-Back,"€12.00m Last update: May 27, 2024"
Brighton & Hove Albion,Ed Turns,"Oct 18, 2002 (21)",England,"1,86 m",Centre-Back,"€400k Last update: Dec 27, 2023"
Brighton & Hove Albion,"#30                    
                                Pervis Estupiñán","Jan 21, 1998 (26)",Ecuador,"1,75 m",Left-Back,"€30.00m Last update: May 27, 2024"
Brighton & Hove Albion,"#19                    
                                Valentín Barco","Jul 23, 2004 (19)",Argentina,"1,70 m",Left-Back,"€13.00m Last update: May 27, 2024"
Brighton & Hove Albion,"#2                    
                                Tariq Lamptey","Sep 30, 2000 (23)",England,"1,63 m",Right-Back,"€12.00m Last update: May 27, 2024"
Brighton & Hove Albion,"#34                    
                                Joël Veltman","Jan 15, 1992 (32)",Netherlands,"1,84 m",Right-Back,"€10.00m Last update: May 27, 2024"
Brighton & Hove Albion,"#20                    
                                Carlos Baleba","Jan 3, 2004 (20)",Cameroon,"1,79 m",Defensive Midfield,"€22.00m Last update: May 27, 2024"
Brighton & Hove Albion,"#11                    
                                Billy Gilmour","Jun 11, 2001 (22)",Scotland,"1,70 m",Defensive Midfield,"€18.00m Last update: May 27, 2024"
Brighton & Hove Albion,"#41                    
                                Jack Hinshelwood","Apr 11, 2005 (19)",England,"1,82 m",Defensive Midfield,"€16.00m Last update: May 27, 2024"
Brighton & Hove Albion,"#15                    
                                Jakub Moder","Apr 7, 1999 (25)",Poland,"1,91 m",Central Midfield,"€10.00m Last update: May 27, 2024"
Brighton & Hove Albion,"#13                    
                                Pascal Groß","Jun 15, 1991 (32)",Germany,"1,81 m",Central Midfield,"€8.00m Last update: May 27, 2024"
Brighton & Hove Albion,Yasin Ayari,"Oct 6, 2003 (20)",Sweden,"1,72 m",Central Midfield,"€4.50m Last update: May 24, 2024"
Brighton & Hove Albion,"#6                    
                                James Milner","Jan 4, 1986 (38)",England,"1,75 m",Central Midfield,"€1.00m Last update: May 27, 2024"
Brighton & Hove Albion,Marc Leonard,"Dec 19, 2001 (22)",Scotland,"1,80 m",Central Midfield,"€450k Last update: Dec 27, 2023"
Brighton & Hove Albion,Jensen Weir,"Jan 31, 2002 (22)",England,"1,84 m",Central Midfield,"€300k Last update: Dec 27, 2023"
Brighton & Hove Albion,"#10                    
                                Julio Enciso","Jan 23, 2004 (20)",Paraguay,"1,73 m",Attacking Midfield,"€22.00m Last update: May 27, 2024"
Brighton & Hove Albion,"#40                    
                                Facundo Buonanotte","Dec 23, 2004 (19)",Argentina,"1,74 m",Attacking Midfield,"€18.00m Last update: May 27, 2024"
Brighton & Hove Albion,Andrew Moran,"Oct 15, 2003 (20)",Ireland,"1,77 m",Attacking Midfield,"€3.00m Last update: May 24, 2024"
Brighton & Hove Albion,"#14                    
                                Adam Lallana","May 10, 1988 (36)",England,"1,72 m",Attacking Midfield,"€1.00m Last update: May 27, 2024"
Brighton & Hove Albion,"#22                    
                                Kaoru Mitoma","May 20, 1997 (27)",Japan,"1,78 m",Left Winger,"€45.00m Last update: May 27, 2024"
Brighton & Hove Albion,"#31                    
                                Ansu Fati","Oct 31, 2002 (21)",Guinea-Bissau,"1,78 m",Left Winger,"€25.00m Last update: May 27, 2024"
Brighton & Hove Albion,Jeremy Sarmiento,"Jun 16, 2002 (21)",Spain,"1,78 m",Left Winger,"€4.50m Last update: May 24, 2024"
Brighton & Hove Albion,"#24                    
                                Simon Adingra","Jan 1, 2002 (22)",Cote d'Ivoire,"1,75 m",Right Winger,"€30.00m Last update: May 27, 2024"
Brighton & Hove Albion,"#7                    
                                Solly March","Jul 20, 1994 (29)",England,"1,80 m",Right Winger,"€18.00m Last update: May 27, 2024"
Brighton & Hove Albion,Abdallah Sima,"Jun 17, 2001 (22)",Senegal,"1,88 m",Right Winger,"€7.50m Last update: May 30, 2024"
Brighton & Hove Albion,"#28                    
                                Evan Ferguson","Oct 19, 2004 (19)",Ireland,"1,88 m",Centre-Forward,"€50.00m Last update: May 27, 2024"
Brighton & Hove Albion,"#9                    
João Pedro","Sep 26, 2001 (22)",Brazil,"1,82 m",Centre-Forward,"€45.00m Last update: May 27, 2024"
Brighton & Hove Albion,"#18                    
                                Danny Welbeck","Nov 26, 1990 (33)",England,"1,85 m",Centre-Forward,"€5.00m Last update: May 27, 2024"
Crystal Palace,"#30                    
                                Dean Henderson","Mar 12, 1997 (27)",England,"1,88 m",Goalkeeper,"€12.00m Last update: May 27, 2024"
Crystal Palace,"#1                    
                                Sam Johnstone","Mar 25, 1993 (31)",England,"1,93 m",Goalkeeper,"€10.00m Last update: May 27, 2024"
Crystal Palace,"#41                    
                                Joe Whitworth","Feb 29, 2004 (20)",England,"1,79 m",Goalkeeper,"€1.00m Last update: May 27, 2024"
Crystal Palace,"#31                    
                                Remi Matthews","Feb 10, 1994 (30)",England,"1,92 m",Goalkeeper,"€500k Last update: May 27, 2024"
Crystal Palace,"#6                    
                                Marc Guéhi","Jul 13, 2000 (23)",Cote d'Ivoire,"1,82 m",Centre-Back,"€38.00m Last update: May 27, 2024"
Crystal Palace,"#16                    
                                Joachim Andersen","May 31, 1996 (28)",Denmark,"1,92 m",Centre-Back,"€35.00m Last update: May 27, 2024"
Crystal Palace,"#26                    
                                Chris Richards","Mar 28, 2000 (24)",United States,"1,88 m",Centre-Back,"€12.00m Last update: May 27, 2024"
Crystal Palace,"#4                    
                                Rob Holding","Sep 20, 1995 (28)",England,"1,89 m",Centre-Back,"€5.00m Last update: May 27, 2024"
Crystal Palace,"#36                    
                                Nathan Ferguson","Oct 6, 2000 (23)",England,"1,84 m",Centre-Back,"€1.00m Last update: May 27, 2024"
Crystal Palace,"#5                    
                                James Tomkins","Mar 29, 1989 (35)",England,"1,92 m",Centre-Back,"€700k Last update: May 27, 2024"
Crystal Palace,"#3                    
                                Tyrick Mitchell","Sep 1, 1999 (24)",England,"1,75 m",Left-Back,"€25.00m Last update: May 27, 2024"
Crystal Palace,"#12                    
                                Daniel Muñoz","May 26, 1996 (28)",Colombia,"1,81 m",Right-Back,"€18.00m Last update: May 27, 2024"
Crystal Palace,"#17                    
                                Nathaniel Clyne","Apr 5, 1991 (33)",England,"1,75 m",Right-Back,"€1.50m Last update: May 27, 2024"
Crystal Palace,"#2                    
                                Joel Ward","Oct 29, 1989 (34)",England,"1,86 m",Right-Back,"€1.00m Last update: May 27, 2024"
Crystal Palace,"#28                    
                                Cheick Doucouré","Jan 8, 2000 (24)",Mali,"1,80 m",Defensive Midfield,"€35.00m Last update: May 27, 2024"
Crystal Palace,"#8                    
                                Jefferson Lerma","Oct 25, 1994 (29)",Colombia,"1,79 m",Defensive Midfield,"€20.00m Last update: May 27, 2024"
Crystal Palace,"#44                    
                                Jairo Riedewald","Sep 9, 1996 (27)",Netherlands,"1,82 m",Defensive Midfield,"€3.00m Last update: May 27, 2024"
Crystal Palace,"#20                    
                                Adam Wharton","Feb 6, 2004 (20)",England,"1,82 m",Central Midfield,"€30.00m Last update: May 27, 2024"
Crystal Palace,"#19                    
                                Will Hughes","Apr 17, 1995 (29)",England,"1,85 m",Central Midfield,"€9.00m Last update: May 27, 2024"
Crystal Palace,"#29                    
                                Naouirou Ahamada","Mar 29, 2002 (22)",France,"1,83 m",Central Midfield,"€8.00m Last update: May 27, 2024"
Crystal Palace,"#15                    
                                Jeffrey Schlupp","Dec 23, 1992 (31)",Germany,"1,78 m",Left Midfield,"€7.00m Last update: May 27, 2024"
Crystal Palace,"#10                    
                                Eberechi Eze","Jun 29, 1998 (25)",England,"1,78 m",Attacking Midfield,"€55.00m Last update: May 27, 2024"
Crystal Palace,"#11                    
Matheus França","Apr 1, 2004 (20)",Brazil,"1,84 m",Attacking Midfield,"€15.00m Last update: May 27, 2024"
Crystal Palace,"#7                    
                                Michael Olise","Dec 12, 2001 (22)",England,"1,84 m",Right Winger,"€55.00m Last update: May 27, 2024"
Crystal Palace,"#49                    
                                Jesurun Rak-Sakyi","Oct 5, 2002 (21)",England,"1,78 m",Right Winger,"€2.00m Last update: May 27, 2024"
Crystal Palace,"#14                    
                                Jean-Philippe Mateta","Jun 28, 1997 (26)",France,"1,92 m",Centre-Forward,"€20.00m Last update: May 27, 2024"
Crystal Palace,"#22                    
                                Odsonne Edouard","Jan 16, 1998 (26)",French Guiana,"1,87 m",Centre-Forward,"€18.00m Last update: May 27, 2024"
Crystal Palace,"#9                    
                                Jordan Ayew","Sep 11, 1991 (32)",France,"1,82 m",Centre-Forward,"€4.00m Last update: May 27, 2024"
West Ham United,"#23                    
                                Alphonse Areola","Feb 27, 1993 (31)",France,"1,95 m",Goalkeeper,"€10.00m Last update: May 27, 2024"
West Ham United,"#1                    
                                Lukasz Fabianski","Apr 18, 1985 (39)",Poland,"1,90 m",Goalkeeper,"€700k Last update: May 27, 2024"
West Ham United,"#49                    
                                Joseph Anang","Jun 8, 2000 (23)",Ghana,"1,90 m",Goalkeeper,"€300k Last update: May 27, 2024"
West Ham United,"#27                    
                                Nayef Aguerd","Mar 30, 1996 (28)",Morocco,"1,90 m",Centre-Back,"€35.00m Last update: May 27, 2024"
West Ham United,"#4                    
                                Kurt Zouma","Oct 27, 1994 (29)",France,"1,90 m",Centre-Back,"€25.00m Last update: May 27, 2024"
West Ham United,"#15                    
                                Konstantinos Mavropanos","Dec 11, 1997 (26)",Greece,"1,94 m",Centre-Back,"€20.00m Last update: May 27, 2024"
West Ham United,"#21                    
                                Angelo Ogbonna","May 23, 1988 (36)",Italy,"1,91 m",Centre-Back,"€700k Last update: May 27, 2024"
West Ham United,"#33                    
Emerson","Aug 3, 1994 (29)",Brazil,"1,76 m",Left-Back,"€12.00m Last update: May 27, 2024"
West Ham United,"#3                    
                                Aaron Cresswell","Dec 15, 1989 (34)",England,"1,70 m",Left-Back,"€900k Last update: May 27, 2024"
West Ham United,"#2                    
                                Ben Johnson","Jan 24, 2000 (24)",England,"1,84 m",Right-Back,"€8.00m Last update: May 27, 2024"
West Ham United,"#5                    
                                Vladimír Coufal","Aug 22, 1992 (31)",CSSR,"1,74 m",Right-Back,"€8.00m Last update: May 27, 2024"
West Ham United,"#19                    
                                Edson Álvarez","Oct 24, 1997 (26)",Mexico,"1,90 m",Defensive Midfield,"€35.00m Last update: May 27, 2024"
West Ham United,"#28                    
                                Tomas Soucek","Feb 27, 1995 (29)",Czech Republic,"1,92 m",Defensive Midfield,"€30.00m Last update: May 27, 2024"
West Ham United,"#11                    
                                Kalvin Phillips","Dec 2, 1995 (28)",England,"1,79 m",Defensive Midfield,"€25.00m Last update: May 27, 2024"
West Ham United,Flynn Downes,"Jan 20, 1999 (25)",England,"1,78 m",Defensive Midfield,"€9.00m Last update: May 24, 2024"
West Ham United,"#7                    
                                James Ward-Prowse","Nov 1, 1994 (29)",England,"1,77 m",Central Midfield,"€30.00m Last update: May 27, 2024"
West Ham United U21,"#40                    
                                George Earthy","Sep 5, 2004 (19)",England,"1,80 m",Central Midfield,"€1.00m Last update: May 27, 2024"
West Ham United,"#10                    
Lucas Paquetá","Aug 27, 1997 (26)",Brazil,"1,80 m",Attacking Midfield,"€65.00m Last update: May 27, 2024"
West Ham United,"#14                    
                                Mohammed Kudus","Aug 2, 2000 (23)",Ghana,"1,77 m",Attacking Midfield,"€50.00m Last update: May 27, 2024"
West Ham United,"#17                    
                                Maxwel Cornet","Sep 27, 1996 (27)",Cote d'Ivoire,"1,79 m",Left Winger,"€9.00m Last update: May 27, 2024"
West Ham United,"#20                    
                                Jarrod Bowen","Dec 20, 1996 (27)",England,"1,75 m",Right Winger,"€50.00m Last update: May 27, 2024"
West Ham United,"#18                    
                                Danny Ings","Jul 23, 1992 (31)",England,"1,77 m",Centre-Forward,"€8.00m Last update: May 27, 2024"
West Ham United,"#9                    
                                Michail Antonio","Mar 28, 1990 (34)",England,"1,80 m",Centre-Forward,"€4.00m Last update: May 27, 2024"
West Ham United,Callum Marshall,"Nov 28, 2004 (19)",Northern Ireland,"1,72 m",Centre-Forward,"€2.00m Last update: May 24, 2024"
West Ham United,"#45                    
                                Divin Mubama","Oct 25, 2004 (19)",England,"1,83 m",Centre-Forward,"€1.00m Last update: May 27, 2024"
Brentford FC,"#1                    
                                Mark Flekken","Jun 13, 1993 (30)",Netherlands,"1,95 m",Goalkeeper,"€12.00m Last update: May 27, 2024"
Brentford FC,"#21                    
                                Thomas Strakosha","Mar 19, 1995 (29)",Greece,"1,93 m",Goalkeeper,"€3.00m Last update: May 27, 2024"
Brentford FC,"#31                    
                                Hákon Rafn Valdimarsson","Oct 13, 2001 (22)",Iceland,"1,95 m",Goalkeeper,"€2.50m Last update: May 27, 2024"
Brentford FC,Matthew Cox,"May 2, 2003 (21)",England,"1,83 m",Goalkeeper,"€800k Last update: Dec 27, 2023"
Brentford FC,"#40                    
                                Ellery Balcombe","Oct 15, 1999 (24)",England,"1,90 m",Goalkeeper,"€300k Last update: May 27, 2024"
Brentford FC,"#22                    
                                Nathan Collins","Apr 30, 2001 (23)",Ireland,"1,93 m",Centre-Back,"€25.00m Last update: May 27, 2024"
Brentford FC,"#20                    
                                Kristoffer Ajer","Apr 17, 1998 (26)",Norway,"1,98 m",Centre-Back,"€15.00m Last update: May 27, 2024"
Brentford FC,"#5                    
                                Ethan Pinnock","May 29, 1993 (31)",England,"1,94 m",Centre-Back,"€12.00m Last update: May 27, 2024"
Brentford FC,"#13                    
Zanka","Apr 23, 1990 (34)",Denmark,"1,89 m",Centre-Back,"€1.00m Last update: May 27, 2024"
Brentford FC,"#16                    
                                Ben Mee","Sep 21, 1989 (34)",England,"1,80 m",Centre-Back,"€1.00m Last update: May 27, 2024"
Brentford FC,Charlie Goode,"Aug 3, 1995 (28)",England,"1,96 m",Centre-Back,"€500k Last update: Dec 19, 2023"
Brentford FC,"#3                    
                                Rico Henry","Jul 8, 1997 (26)",England,"1,70 m",Left-Back,"€20.00m Last update: May 27, 2024"
Brentford FC,"#2                    
                                Aaron Hickey","Jun 10, 2002 (21)",Scotland,"1,85 m",Right-Back,"€28.00m Last update: May 27, 2024"
Brentford FC,"#30                    
                                Mads Roerslev","Jun 24, 1999 (24)",Denmark,"1,84 m",Right-Back,"€10.00m Last update: May 27, 2024"
Brentford FC,Fin Stevens,"Apr 10, 2003 (21)",England,"1,79 m",Right-Back,"€450k Last update: Dec 27, 2023"
Brentford FC,"#27                    
                                Vitaly Janelt","May 10, 1998 (26)",Germany,"1,84 m",Defensive Midfield,"€22.00m Last update: May 27, 2024"
Brentford FC,"#6                    
                                Christian Nørgaard","Mar 10, 1994 (30)",Denmark,"1,87 m",Defensive Midfield,"€18.00m Last update: May 27, 2024"
Brentford FC,"#52                    
                                Yunus Emre Konak","Jan 10, 2006 (18)",Türkiye,"1,81 m",Defensive Midfield,"€3.50m Last update: May 27, 2024"
Brentford FC,"#8                    
                                Mathias Jensen","Jan 1, 1996 (28)",Denmark,"1,80 m",Central Midfield,"€28.00m Last update: May 27, 2024"
Brentford FC,"#10                    
                                Josh Dasilva","Oct 23, 1998 (25)",England,"1,84 m",Central Midfield,"€10.00m Last update: May 27, 2024"
Brentford FC,"#15                    
                                Frank Onyeka","Jan 1, 1998 (26)",Nigeria,"1,83 m",Central Midfield,"€9.00m Last update: May 27, 2024"
Brentford FC,"#26                    
                                Shandon Baptiste","Apr 8, 1998 (26)",England,"1,80 m",Central Midfield,"€2.50m Last update: May 27, 2024"
Brentford FC,Paris Maghoma,"May 8, 2001 (23)",England,"1,84 m",Central Midfield,"€350k Last update: Dec 27, 2023"
Brentford FC,"#32                    
                                Ryan Trevitt","Mar 12, 2003 (21)",England,Central Midfield,N/A,"€275k Last update: May 27, 2024"
Brentford FC,"#33                    
                                Yegor Yarmolyuk","Mar 1, 2004 (20)",Ukraine,"1,80 m",Attacking Midfield,"€10.00m Last update: May 27, 2024"
Brentford FC,"#14                    
                                Saman Ghoddos","Sep 6, 1993 (30)",Sweden,"1,75 m",Attacking Midfield,"€2.00m Last update: May 27, 2024"
Brentford FC,Myles Peart-Harris,"Sep 18, 2002 (21)",England,"1,87 m",Attacking Midfield,"€700k Last update: Dec 19, 2023"
Brentford FC,"#11                    
                                Yoane Wissa","Sep 3, 1996 (27)",France,"1,76 m",Left Winger,"€28.00m Last update: May 27, 2024"
Brentford FC,"#23                    
                                Keane Lewis-Potter","Feb 22, 2001 (23)",England,"1,70 m",Left Winger,"€15.00m Last update: May 27, 2024"
Brentford FC,"#24                    
                                Mikkel Damsgaard","Jul 3, 2000 (23)",Denmark,"1,80 m",Left Winger,"€10.00m Last update: May 27, 2024"
Brentford FC,"#19                    
                                Bryan Mbeumo","Aug 7, 1999 (24)",France,"1,71 m",Right Winger,"€40.00m Last update: May 27, 2024"
Brentford FC,"#9                    
                                Kevin Schade","Nov 27, 2001 (22)",Germany,"1,85 m",Right Winger,"€22.00m Last update: May 27, 2024"
Brentford FC,"#17                    
                                Ivan Toney","Mar 16, 1996 (28)",England,"1,85 m",Centre-Forward,"€50.00m Last update: May 27, 2024"
Brentford FC,"#7                    
                                Neal Maupay","Aug 14, 1996 (27)",France,"1,73 m",Centre-Forward,"€12.00m Last update: May 27, 2024"
Nottingham Forest,"#1                    
                                Matt Turner","Jun 24, 1994 (29)",United States,"1,91 m",Goalkeeper,"€7.00m Last update: May 27, 2024"
Nottingham Forest,"#23                    
                                Odysseas Vlachodimos","Apr 26, 1994 (30)",Germany,"1,91 m",Goalkeeper,"€7.00m Last update: May 27, 2024"
Nottingham Forest,"#26                    
                                Matz Sels","Feb 26, 1992 (32)",Belgium,"1,88 m",Goalkeeper,"€7.00m Last update: May 27, 2024"
Nottingham Forest,"#13                    
                                Wayne Hennessey","Jan 24, 1987 (37)",Wales,"1,98 m",Goalkeeper,"€250k Last update: May 27, 2024"
Nottingham Forest,"#40                    
Murillo","Jul 4, 2002 (21)",Brazil,"1,84 m",Centre-Back,"€35.00m Last update: May 27, 2024"
Nottingham Forest,"#19                    
                                Moussa Niakhaté","Mar 8, 1996 (28)",France,"1,90 m",Centre-Back,"€16.00m Last update: May 27, 2024"
Nottingham Forest,"#32                    
                                Andrew Omobamidele","Jun 23, 2002 (21)",Ireland,"1,88 m",Centre-Back,"€11.00m Last update: May 27, 2024"
Nottingham Forest,"#30                    
                                Willy Boly","Feb 3, 1991 (33)",France,"1,95 m",Centre-Back,"€2.50m Last update: May 27, 2024"
Nottingham Forest,"#18                    
Felipe","May 16, 1989 (35)",Brazil,"1,90 m",Centre-Back,"€1.50m Last update: May 27, 2024"
Nottingham Forest,"#3                    
                                Nuno Tavares","Jan 26, 2000 (24)",Portugal,"1,83 m",Left-Back,"€15.00m Last update: May 27, 2024"
Nottingham Forest,"#15                    
                                Harry Toffolo","Aug 19, 1995 (28)",England,"1,83 m",Left-Back,"€5.00m Last update: May 27, 2024"
Nottingham Forest,"#7                    
                                Neco Williams","Apr 13, 2001 (23)",Wales,"1,83 m",Right-Back,"€17.00m Last update: May 27, 2024"
Nottingham Forest,"#43                    
                                Ola Aina","Oct 8, 1996 (27)",England,"1,84 m",Right-Back,"€12.00m Last update: May 27, 2024"
Nottingham Forest,"#29                    
                                Gonzalo Montiel","Jan 1, 1997 (27)",Argentina,"1,75 m",Right-Back,"€10.00m Last update: May 27, 2024"
Nottingham Forest,"#6                    
                                Ibrahim Sangaré","Dec 2, 1997 (26)",Cote d'Ivoire,"1,91 m",Defensive Midfield,"€30.00m Last update: May 27, 2024"
Nottingham Forest,"#8                    
                                Cheikhou Kouyaté","Dec 21, 1989 (34)",Senegal,"1,89 m",Defensive Midfield,"€1.00m Last update: May 27, 2024"
Nottingham Forest,"#28                    
Danilo","Apr 29, 2001 (23)",Brazil,"1,77 m",Central Midfield,"€28.00m Last update: May 27, 2024"
Nottingham Forest,"#16                    
                                Nicolás Domínguez","Jun 28, 1998 (25)",Argentina,"1,79 m",Central Midfield,"€17.00m Last update: May 27, 2024"
Nottingham Forest,"#22                    
                                Ryan Yates","Nov 21, 1997 (26)",England,"1,90 m",Central Midfield,"€12.00m Last update: May 27, 2024"
Nottingham Forest,Lewis O'Brien,"Oct 14, 1998 (25)",England,"1,73 m",Central Midfield,"€5.00m Last update: May 24, 2024"
Nottingham Forest,Harry Arter,"Dec 28, 1989 (34)",England,"1,77 m",Central Midfield,"€400k Last update: May 27, 2024"
Nottingham Forest,"#10                    
                                Morgan Gibbs-White","Jan 27, 2000 (24)",England,"1,71 m",Attacking Midfield,"€40.00m Last update: May 27, 2024"
Nottingham Forest,"#20                    
                                Giovanni Reyna","Nov 13, 2002 (21)",England,"1,85 m",Attacking Midfield,"€18.00m Last update: May 27, 2024"
Nottingham Forest,Brandon Aguilera,"Jun 28, 2003 (20)",Costa Rica,"1,79 m",Attacking Midfield,"€300k Last update: Dec 19, 2023"
Nottingham Forest,"#21                    
                                Anthony Elanga","Apr 27, 2002 (22)",Sweden,"1,78 m",Left Winger,"€22.00m Last update: May 27, 2024"
Nottingham Forest,"#14                    
                                Callum Hudson-Odoi","Nov 7, 2000 (23)",England,"1,78 m",Left Winger,"€18.00m Last update: May 27, 2024"
Nottingham Forest,Emmanuel Dennis,"Nov 15, 1997 (26)",Nigeria,"1,75 m",Left Winger,"€4.20m Last update: May 24, 2024"
Nottingham Forest,Alex Mighten,"Apr 11, 2002 (22)",United States,"1,71 m",Left Winger,"€600k Last update: Dec 19, 2023"
Nottingham Forest,Josh Bowler,"Mar 5, 1999 (25)",England,"1,84 m",Right Winger,"€1.50m Last update: May 24, 2024"
Nottingham Forest,"#9                    
                                Taiwo Awoniyi","Aug 12, 1997 (26)",Nigeria,"1,83 m",Centre-Forward,"€28.00m Last update: May 27, 2024"
Nottingham Forest,"#11                    
                                Chris Wood","Dec 7, 1991 (32)",New Zealand,"1,91 m",Centre-Forward,"€7.00m Last update: May 27, 2024"
Nottingham Forest,"#27                    
                                Divock Origi","Apr 18, 1995 (29)",Belgium,"1,89 m",Centre-Forward,"€5.00m Last update: May 27, 2024"
Nottingham Forest,"#37                    
                                Rodrigo Ribeiro","Apr 28, 2005 (19)",Portugal,"1,85 m",Centre-Forward,"€3.00m Last update: May 27, 2024"
AFC Bournemouth,"#42                    
                                Mark Travers","May 18, 1999 (25)",Ireland,"1,91 m",Goalkeeper,"€3.50m Last update: May 27, 2024"
AFC Bournemouth,"#20                    
                                Andrei Radu","May 28, 1997 (27)",Romania,"1,88 m",Goalkeeper,"€3.00m Last update: May 27, 2024"
AFC Bournemouth,"#1                    
Neto","Jul 19, 1989 (34)",Brazil,"1,90 m",Goalkeeper,"€2.50m Last update: May 27, 2024"
AFC Bournemouth,Will Dennis,"Jul 10, 2000 (23)",England,"1,88 m",Goalkeeper,"€350k Last update: May 30, 2024"
AFC Bournemouth,"#12                    
                                Darren Randolph","May 12, 1987 (37)",Ireland,"1,87 m",Goalkeeper,"€300k Last update: May 27, 2024"
AFC Bournemouth,"#27                    
                                Ilya Zabarnyi","Sep 1, 2002 (21)",Ukraine,"1,89 m",Centre-Back,"€32.00m Last update: May 27, 2024"
AFC Bournemouth,"#25                    
                                Marcos Senesi","May 10, 1997 (27)",Argentina,"1,85 m",Centre-Back,"€22.00m Last update: May 27, 2024"
AFC Bournemouth,"#5                    
                                Lloyd Kelly","Oct 6, 1998 (25)",England,"1,90 m",Centre-Back,"€18.00m Last update: May 27, 2024"
AFC Bournemouth,"#6                    
                                Chris Mepham","Nov 5, 1997 (26)",England,"1,90 m",Centre-Back,"€6.00m Last update: May 27, 2024"
AFC Bournemouth,"#23                    
                                James Hill","Jan 10, 2002 (22)",England,"1,84 m",Centre-Back,"€2.00m Last update: May 27, 2024"
AFC Bournemouth,"#3                    
                                Milos Kerkez","Nov 7, 2003 (20)",Serbia and Montenegro,"1,80 m",Left-Back,"€20.00m Last update: May 27, 2024"
AFC Bournemouth,"#37                    
                                Max Aarons","Jan 4, 2000 (24)",England,"1,71 m",Right-Back,"€16.00m Last update: May 27, 2024"
AFC Bournemouth,"#2                    
                                Ryan Fredericks","Oct 10, 1992 (31)",England,"1,81 m",Right-Back,"€1.00m Last update: May 27, 2024"
AFC Bournemouth,"#15                    
                                Adam Smith","Apr 29, 1991 (33)",England,"1,74 m",Right-Back,"€1.00m Last update: May 27, 2024"
AFC Bournemouth,"#18                    
                                Tyler Adams","Feb 14, 1999 (25)",United States,"1,75 m",Defensive Midfield,"€15.00m Last update: May 27, 2024"
AFC Bournemouth,"#29                    
                                Philip Billing","Jun 11, 1996 (27)",Denmark,"1,93 m",Central Midfield,"€22.00m Last update: May 27, 2024"
AFC Bournemouth,"#14                    
                                Alex Scott","Aug 21, 2003 (20)",Guernsey,"1,78 m",Central Midfield,"€20.00m Last update: May 27, 2024"
AFC Bournemouth,"#4                    
                                Lewis Cook","Feb 3, 1997 (27)",England,"1,75 m",Central Midfield,"€12.00m Last update: May 27, 2024"
AFC Bournemouth,Joe Rothwell,"Jan 11, 1995 (29)",England,"1,85 m",Central Midfield,"€2.50m Last update: May 24, 2024"
AFC Bournemouth,Gavin Kilkenny,"Feb 1, 2000 (24)",Ireland,"1,75 m",Central Midfield,"€300k Last update: Dec 19, 2023"
AFC Bournemouth,"#8                    
                                Romain Faivre","Jul 14, 1998 (25)",France,"1,80 m",Right Midfield,"€15.00m Last update: May 27, 2024"
AFC Bournemouth,"#16                    
                                Marcus Tavernier","Mar 22, 1999 (25)",England,"1,78 m",Left Midfield,"€20.00m Last update: May 27, 2024"
AFC Bournemouth,"#10                    
                                Ryan Christie","Feb 22, 1995 (29)",Scotland,"1,78 m",Attacking Midfield,"€12.00m Last update: May 27, 2024"
AFC Bournemouth,Emiliano Marcondes,"Mar 9, 1995 (29)",Denmark,"1,82 m",Attacking Midfield,"€1.50m Last update: May 30, 2024"
AFC Bournemouth,"#11                    
                                Dango Ouattara","Feb 11, 2002 (22)",Burkina Faso,"1,77 m",Left Winger,"€20.00m Last update: May 27, 2024"
AFC Bournemouth,"#17                    
                                Luis Sinisterra","Jun 17, 1999 (24)",Colombia,"1,72 m",Left Winger,"€17.00m Last update: May 27, 2024"
AFC Bournemouth,"#19                    
                                Justin Kluivert","May 5, 1999 (25)",Netherlands,"1,72 m",Left Winger,"€14.00m Last update: May 27, 2024"
AFC Bournemouth,Jaidon Anthony,"Dec 1, 1999 (24)",England,"1,83 m",Left Winger,"€6.00m Last update: May 24, 2024"
AFC Bournemouth,"#24                    
                                Antoine Semenyo","Jan 7, 2000 (24)",England,"1,85 m",Right Winger,"€10.00m Last update: May 27, 2024"
AFC Bournemouth,David Brooks,"Jul 8, 1997 (26)",England,"1,73 m",Right Winger,"€8.00m Last update: May 24, 2024"
AFC Bournemouth,"#9                    
                                Dominic Solanke","Sep 14, 1997 (26)",England,"1,86 m",Centre-Forward,"€40.00m Last update: May 27, 2024"
AFC Bournemouth,"#26                    
                                Enes Ünal","May 10, 1997 (27)",Türkiye,"1,87 m",Centre-Forward,"€18.00m Last update: May 27, 2024"
AFC Bournemouth,Kieffer Moore,"Aug 8, 1992 (31)",England,"1,96 m",Centre-Forward,"€2.00m Last update: May 24, 2024"
Wolverhampton Wanderers,"#1                    
                                José Sá","Jan 17, 1993 (31)",Portugal,"1,92 m",Goalkeeper,"€14.00m Last update: May 27, 2024"
Wolverhampton Wanderers,"#25                    
                                Daniel Bentley","Jul 13, 1993 (30)",England,"1,93 m",Goalkeeper,"€2.00m Last update: May 27, 2024"
Wolverhampton Wanderers,Louie Moulden,"Jan 6, 2002 (22)",England,"1,90 m",Goalkeeper,"€200k Last update: Jun 20, 2023"
Wolverhampton Wanderers,"#40                    
                                Tom King","Mar 9, 1995 (29)",England,"1,94 m",Goalkeeper,"€200k Last update: May 27, 2024"
Wolverhampton Wanderers,"#23                    
                                Max Kilman","May 23, 1997 (27)",England,"1,94 m",Centre-Back,"€32.00m Last update: May 27, 2024"
Wolverhampton Wanderers,"#24                    
Toti","Jan 16, 1999 (25)",Guinea-Bissau,"1,87 m",Centre-Back,"€20.00m Last update: May 27, 2024"
Wolverhampton Wanderers,"#4                    
                                Santiago Bueno","Nov 9, 1998 (25)",Uruguay,"1,90 m",Centre-Back,"€8.00m Last update: May 27, 2024"
Wolverhampton Wanderers,"#15                    
                                Craig Dawson","May 6, 1990 (34)",England,"1,88 m",Centre-Back,"€2.00m Last update: May 27, 2024"
Wolverhampton Wanderers,"#3                    
                                Rayan Aït-Nouri","Jun 6, 2001 (22)",France,"1,80 m",Left-Back,"€35.00m Last update: May 27, 2024"
Wolverhampton Wanderers,"#17                    
                                Hugo Bueno","Sep 18, 2002 (21)",Spain,"1,80 m",Left-Back,"€6.00m Last update: May 27, 2024"
Wolverhampton Wanderers,"#22                    
                                Nélson Semedo","Nov 16, 1993 (30)",Portugal,"1,77 m",Right-Back,"€12.00m Last update: May 27, 2024"
Wolverhampton Wanderers,Ki-Jana Hoever,"Jan 18, 2002 (22)",Netherlands,"1,83 m",Right-Back,"€4.50m Last update: May 24, 2024"
Wolverhampton Wanderers,"#2                    
                                Matt Doherty","Jan 16, 1992 (32)",Ireland,"1,85 m",Right-Back,"€3.00m Last update: May 27, 2024"
Wolverhampton Wanderers,"#5                    
                                Mario Lemina","Sep 1, 1993 (30)",Gabon,"1,84 m",Defensive Midfield,"€10.00m Last update: May 27, 2024"
Wolverhampton Wanderers,"#6                    
                                Boubacar Traoré","Aug 20, 2001 (22)",Mali,"1,83 m",Defensive Midfield,"€6.00m Last update: May 27, 2024"
Wolverhampton Wanderers,Joe Hodge,"Sep 14, 2002 (21)",England,"1,72 m",Defensive Midfield,"€1.50m Last update: May 24, 2024"
Wolverhampton Wanderers,"#8                    
                                João Gomes","Feb 12, 2001 (23)",Brazil,"1,76 m",Central Midfield,"€35.00m Last update: May 27, 2024"
Wolverhampton Wanderers,"#27                    
                                Jean-Ricner Bellegarde","Jun 27, 1998 (25)",France,"1,72 m",Central Midfield,"€15.00m Last update: May 27, 2024"
Wolverhampton Wanderers,Luke Cundle,"Apr 26, 2002 (22)",England,"1,71 m",Central Midfield,"€5.00m Last update: May 24, 2024"
Wolverhampton Wanderers,Chem Campbell,"Dec 30, 2002 (21)",England,"1,80 m",Attacking Midfield,"€900k Last update: Dec 27, 2023"
Wolverhampton Wanderers,"#14                    
                                Noha Lemina","Jun 17, 2005 (18)",Gabon,"1,68 m",Attacking Midfield,"€500k Last update: May 27, 2024"
Wolverhampton Wanderers,"#7                    
                                Pedro Neto","Mar 9, 2000 (24)",Portugal,"1,72 m",Right Winger,"€55.00m Last update: May 27, 2024"
Wolverhampton Wanderers,"#21                    
                                Pablo Sarabia","May 11, 1992 (32)",Spain,"1,74 m",Right Winger,"€10.00m Last update: May 27, 2024"
Wolverhampton Wanderers,"#12                    
                                Matheus Cunha","May 27, 1999 (25)",Brazil,"1,83 m",Centre-Forward,"€45.00m Last update: May 27, 2024"
Wolverhampton Wanderers,"#11                    
                                Hee-chan Hwang","Jan 26, 1996 (28)","Korea, South","1,77 m",Centre-Forward,"€25.00m Last update: May 27, 2024"
Wolverhampton Wanderers,"#63                    
                                Nathan Fraser","Feb 22, 2005 (19)",England,"1,88 m",Centre-Forward,"€1.00m Last update: May 27, 2024"
Wolverhampton Wanderers U21,"#84                    
                                Leon Chiwome","Jan 10, 2006 (18)",England,"1,86 m",Centre-Forward,"€1.00m Last update: May 27, 2024"
Fulham FC,"#17                    
                                Bernd Leno","Mar 4, 1992 (32)",Germany,"1,90 m",Goalkeeper,"€13.00m Last update: May 27, 2024"
Fulham FC,"#1                    
                                Marek Rodák","Dec 13, 1996 (27)",Slovakia,"1,94 m",Goalkeeper,"€3.00m Last update: May 27, 2024"
Fulham FC,"#23                    
                                Steven Benda","Oct 1, 1998 (25)",Germany,"1,92 m",Goalkeeper,"€1.00m Last update: May 27, 2024"
Fulham FC,"#4                    
                                Tosin Adarabioyo","Sep 24, 1997 (26)",England,"1,96 m",Centre-Back,"€20.00m Last update: May 27, 2024"
Fulham FC,"#31                    
                                Issa Diop","Jan 9, 1997 (27)",France,"1,94 m",Centre-Back,"€20.00m Last update: May 27, 2024"
Fulham FC,"#3                    
                                Calvin Bassey","Dec 31, 1999 (24)",Italy,"1,85 m",Centre-Back,"€16.00m Last update: May 27, 2024"
Fulham FC,"#13                    
                                Tim Ream","Oct 5, 1987 (36)",United States,"1,86 m",Centre-Back,"€800k Last update: May 27, 2024"
Fulham FC,"#33                    
                                Antonee Robinson","Aug 8, 1997 (26)",England,"1,83 m",Left-Back,"€25.00m Last update: May 27, 2024"
Fulham FC,"#12                    
                                Fodé Ballo-Touré","Jan 3, 1997 (27)",France,"1,82 m",Left-Back,"€3.00m Last update: May 27, 2024"
Fulham FC,"#21                    
                                Timothy Castagne","Dec 5, 1995 (28)",Belgium,"1,85 m",Right-Back,"€17.00m Last update: May 27, 2024"
Fulham FC,"#2                    
                                Kenny Tete","Oct 9, 1995 (28)",Netherlands,"1,80 m",Right-Back,"€15.00m Last update: May 27, 2024"
Fulham FC,"#26                    
                                João Palhinha","Jul 9, 1995 (28)",Portugal,"1,90 m",Defensive Midfield,"€55.00m Last update: May 27, 2024"
Fulham FC,"#6                    
                                Harrison Reed","Jan 27, 1995 (29)",England,"1,81 m",Central Midfield,"€15.00m Last update: May 27, 2024"
Fulham FC,"#28                    
                                Saša Lukić","Aug 13, 1996 (27)",Yugoslavia (Republic),"1,82 m",Central Midfield,"€10.00m Last update: May 27, 2024"
Fulham FC,"#10                    
                                Tom Cairney","Jan 20, 1991 (33)",England,"1,85 m",Central Midfield,"€2.00m Last update: May 27, 2024"
Fulham FC,"#22                    
                                Alex Iwobi","May 3, 1996 (28)",Nigeria,"1,83 m",Attacking Midfield,"€25.00m Last update: May 27, 2024"
Fulham FC,"#18                    
                                Andreas Pereira","Jan 1, 1996 (28)",Belgium,"1,78 m",Attacking Midfield,"€20.00m Last update: May 27, 2024"
Fulham FC,"#14                    
                                Bobby De Cordova-Reid","Feb 2, 1993 (31)",England,"1,70 m",Attacking Midfield,"€5.00m Last update: May 27, 2024"
Fulham FC,"#38                    
                                Luke Harris","Mar 4, 2005 (19)",Jersey,"1,77 m",Attacking Midfield,"€1.00m Last update: Dec 19, 2023"
Fulham FC,"#20                    
Willian","Aug 9, 1988 (35)",Brazil,"1,75 m",Left Winger,"€3.00m Last update: May 27, 2024"
Fulham FC,"#8                    
                                Harry Wilson","Mar 22, 1997 (27)",Wales,"1,73 m",Right Winger,"€17.00m Last update: May 27, 2024"
Fulham FC,"#11                    
                                Adama Traoré","Jan 25, 1996 (28)",Spain,"1,78 m",Right Winger,"€9.00m Last update: May 27, 2024"
Fulham FC,"#9                    
                                Armando Broja","Sep 10, 2001 (22)",England,"1,91 m",Centre-Forward,"€22.00m Last update: May 27, 2024"
Fulham FC,"#19                    
Rodrigo Muniz","May 4, 2001 (23)",Brazil,"1,86 m",Centre-Forward,"€20.00m Last update: May 27, 2024"
Fulham FC,"#7                    
                                Raúl Jiménez","May 5, 1991 (33)",Mexico,"1,87 m",Centre-Forward,"€5.00m Last update: May 27, 2024"
Fulham FC,"#65                    
                                Jay Stansfield","Nov 24, 2002 (21)",England,"1,87 m",Centre-Forward,"€3.50m Last update: May 24, 2024"
Everton FC,"#1                    
                                Jordan Pickford","Mar 7, 1994 (30)",England,"1,85 m",Goalkeeper,"€22.00m Last update: May 27, 2024"
Everton FC,"#12                    
                                João Virgínia","Oct 10, 1999 (24)",Portugal,"1,92 m",Goalkeeper,"€800k Last update: May 27, 2024"
Everton FC,"#31                    
                                Andy Lonergan","Oct 19, 1983 (40)",England,"1,93 m",Goalkeeper,"€100k Last update: May 27, 2024"
Everton FC,"#32                    
                                Jarrad Branthwaite","Jun 27, 2002 (21)",England,"1,95 m",Centre-Back,"€42.00m Last update: May 27, 2024"
Everton FC,"#6                    
                                James Tarkowski","Nov 19, 1992 (31)",England,"1,85 m",Centre-Back,"€13.00m Last update: May 27, 2024"
Everton FC,"#22                    
                                Ben Godfrey","Jan 15, 1998 (26)",England,"1,84 m",Centre-Back,"€10.00m Last update: May 27, 2024"
Everton FC,"#5                    
                                Michael Keane","Jan 11, 1993 (31)",England,"1,88 m",Centre-Back,"€6.00m Last update: May 27, 2024"
Everton FC,Mason Holgate,"Oct 22, 1996 (27)",England,"1,87 m",Centre-Back,"€5.00m Last update: May 27, 2024"
Everton FC,"#19                    
                                Vitaliy Mykolenko","May 29, 1999 (25)",Ukraine,"1,80 m",Left-Back,"€28.00m Last update: May 27, 2024"
Everton FC,"#18                    
                                Ashley Young","Jul 9, 1985 (38)",England,"1,75 m",Left-Back,"€500k Last update: May 27, 2024"
Everton FC,"#2                    
                                Nathan Patterson","Oct 16, 2001 (22)",Scotland,"1,89 m",Right-Back,"€15.00m Last update: May 27, 2024"
Everton FC,"#23                    
                                Seamus Coleman","Oct 11, 1988 (35)",Ireland,"1,77 m",Right-Back,"€500k Last update: May 27, 2024"
Everton FC,"#8                    
                                Amadou Onana","Aug 16, 2001 (22)",Senegal,"1,95 m",Defensive Midfield,"€50.00m Last update: May 27, 2024"
Everton FC,"#37                    
                                James Garner","Mar 13, 2001 (23)",England,"1,82 m",Defensive Midfield,"€22.00m Last update: May 27, 2024"
Everton FC,"#16                    
                                Abdoulaye Doucouré","Jan 1, 1993 (31)",France,"1,83 m",Central Midfield,"€10.00m Last update: May 27, 2024"
Everton FC,"#21                    
                                André Gomes","Jul 30, 1993 (30)",Portugal,"1,88 m",Central Midfield,"€10.00m Last update: May 27, 2024"
Everton FC,"#27                    
                                Idrissa Gueye","Sep 26, 1989 (34)",Senegal,"1,74 m",Central Midfield,"€3.00m Last update: May 27, 2024"
Everton FC,"#20                    
                                Dele Alli","Apr 11, 1996 (28)",England,"1,88 m",Attacking Midfield,"€5.00m Last update: May 27, 2024"
Everton FC,"#7                    
                                Dwight McNeil","Nov 22, 1999 (24)",England,"1,83 m",Left Winger,"€22.00m Last update: May 27, 2024"
Everton FC,"#10                    
                                Arnaut Danjuma","Jan 31, 1997 (27)",Nigeria,"1,78 m",Left Winger,"€13.00m Last update: May 27, 2024"
Everton FC,"#61                    
                                Lewis Dobbin","Jan 3, 2003 (21)",England,"1,75 m",Left Winger,"€2.50m Last update: May 27, 2024"
Everton FC,"#9                    
                                Dominic Calvert-Lewin","Mar 16, 1997 (27)",England,"1,89 m",Centre-Forward,"€22.00m Last update: May 27, 2024"
Everton FC,"#14                    
Beto","Jan 31, 1998 (26)",Portugal,"1,94 m",Centre-Forward,"€20.00m Last update: May 27, 2024"
Everton FC,"#28                    
Chermiti","May 24, 2004 (20)",Portugal,"1,92 m",Centre-Forward,"€9.00m Last update: May 27, 2024"
Burnley FC,"#1                    
                                James Trafford","Oct 10, 2002 (21)",England,"1,92 m",Goalkeeper,"€18.00m Last update: May 27, 2024"
Burnley FC,"#49                    
                                Arijanet Muric","Nov 7, 1998 (25)",Switzerland,"1,98 m",Goalkeeper,"€7.00m Last update: May 27, 2024"
Burnley FC,"#29                    
                                Lawrence Vigouroux","Nov 19, 1993 (30)",England,"1,94 m",Goalkeeper,"€300k Last update: May 27, 2024"
Burnley FC,"#5                    
                                Jordan Beyer","May 19, 2000 (24)",Germany,"1,87 m",Centre-Back,"€13.00m Last update: May 27, 2024"
Burnley FC,"#28                    
                                Ameen Al-Dakhil","Mar 6, 2002 (22)",Iraq,"1,87 m",Centre-Back,"€12.00m Last update: May 27, 2024"
Burnley FC,"#2                    
                                Dara O'Shea","Mar 4, 1999 (25)",Ireland,"1,89 m",Centre-Back,"€7.00m Last update: May 27, 2024"
Burnley FC,"#18                    
                                Hjalmar Ekdal","Oct 21, 1998 (25)",Sweden,"1,87 m",Centre-Back,"€7.00m Last update: May 27, 2024"
Burnley FC,"#33                    
                                Maxime Estève","May 26, 2002 (22)",France,"1,93 m",Centre-Back,"€7.00m Last update: May 27, 2024"
Burnley FC,"#44                    
                                Hannes Delcroix","Feb 28, 1999 (25)",Haiti,"1,83 m",Centre-Back,"€4.00m Last update: May 27, 2024"
Burnley FC,Luke McNally,"Sep 20, 1999 (24)",Ireland,"1,93 m",Centre-Back,"€3.80m Last update: May 24, 2024"
Burnley FC,"#3                    
                                Charlie Taylor","Sep 18, 1993 (30)",England,"1,83 m",Left-Back,"€3.00m Last update: May 27, 2024"
Burnley FC,"#20                    
                                Lorenz Assignon","Jun 22, 2000 (23)",France,"1,81 m",Right-Back,"€10.00m Last update: May 27, 2024"
Burnley FC,Connor Roberts,"Sep 23, 1995 (28)",Wales,"1,75 m",Right-Back,"€7.00m Last update: May 24, 2024"
Burnley FC,"#22                    
Vitinho","Jul 23, 1999 (24)",Brazil,"1,74 m",Right-Back,"€5.00m Last update: May 27, 2024"
Burnley FC,"#16                    
                                Sander Berge","Feb 14, 1998 (26)",Norway,"1,95 m",Defensive Midfield,"€20.00m Last update: May 27, 2024"
Burnley FC,"#42                    
                                Han-Noah Massengo","Jul 7, 2001 (22)",France,"1,78 m",Defensive Midfield,"€4.00m Last update: May 27, 2024"
Burnley FC,"#4                    
                                Jack Cork","Jun 25, 1989 (34)",England,"1,85 m",Defensive Midfield,"€800k Last update: May 27, 2024"
Burnley FC,"#8                    
                                Josh Brownhill","Dec 19, 1995 (28)",England,"1,79 m",Central Midfield,"€15.00m Last update: May 27, 2024"
Burnley FC,"#24                    
                                Josh Cullen","Apr 7, 1996 (28)",England,"1,75 m",Central Midfield,"€10.00m Last update: May 27, 2024"
Burnley FC,"#21                    
                                Aaron Ramsey","Jan 21, 2003 (21)",England,"1,81 m",Attacking Midfield,"€15.00m Last update: May 27, 2024"
Burnley FC,Scott Twine,"Jul 14, 1999 (24)",England,"1,74 m",Attacking Midfield,"€3.00m Last update: May 24, 2024"
Burnley FC,"#31                    
                                Mike Trésor","May 28, 1999 (25)",Belgium,"1,72 m",Left Winger,"€12.00m Last update: May 27, 2024"
Burnley FC,"#47                    
                                Wilson Odobert","Nov 28, 2004 (19)",France,"1,82 m",Left Winger,"€10.00m Last update: May 27, 2024"
Burnley FC,Anass Zaroury,"Nov 7, 2000 (23)",Belgium,"1,76 m",Left Winger,"€9.00m Last update: May 24, 2024"
Burnley FC,"#34                    
                                Jacob Bruun Larsen","Sep 19, 1998 (25)",Denmark,"1,83 m",Left Winger,"€8.00m Last update: May 27, 2024"
Burnley FC,"#30                    
                                Luca Koleosho","Sep 15, 2004 (19)",United States,"1,75 m",Left Winger,"€7.00m Last update: May 27, 2024"
Burnley FC,Dara Costelloe,"Dec 11, 2002 (21)",Ireland,"1,75 m",Left Winger,"€325k Last update: May 30, 2024"
Burnley FC,"#10                    
                                Benson Manuel","Mar 28, 1997 (27)",Belgium,"1,66 m",Right Winger,"€5.00m Last update: May 27, 2024"
Burnley FC,"#15                    
                                Nathan Redmond","Mar 6, 1994 (30)",England,"1,73 m",Right Winger,"€5.00m Last update: May 27, 2024"
Burnley FC,"#7                    
                                Jóhann Berg Gudmundsson","Oct 27, 1990 (33)",Iceland,"1,86 m",Right Winger,"€1.00m Last update: May 27, 2024"
Burnley FC,"#17                    
                                Lyle Foster","Sep 3, 2000 (23)",South Africa,"1,85 m",Centre-Forward,"€13.00m Last update: May 27, 2024"
Burnley FC,"#25                    
                                Zeki Amdouni","Dec 4, 2000 (23)",Switzerland,"1,85 m",Centre-Forward,"€12.00m Last update: May 27, 2024"
Burnley FC,Michael Obafemi,"Jul 6, 2000 (23)",Ireland,"1,70 m",Centre-Forward,"€2.20m Last update: May 24, 2024"
Burnley FC,"#9                    
                                Jay Rodríguez","Jul 29, 1989 (34)",England,"1,85 m",Centre-Forward,"€1.00m Last update: May 27, 2024"
Sheffield United,"#13                    
                                Ivo Grbic","Jan 18, 1996 (28)",Croatia,"1,95 m",Goalkeeper,"€3.50m Last update: May 27, 2024"
Sheffield United,"#18                    
                                Wes Foderingham","Jan 14, 1991 (33)",England,"1,85 m",Goalkeeper,"€900k Last update: May 27, 2024"
Sheffield United,"#1                    
                                Adam Davies","Jul 17, 1992 (31)",Germany,"1,85 m",Goalkeeper,"€500k Last update: May 27, 2024"
Sheffield United,"#37                    
                                Jordan Amissah","Aug 2, 2001 (22)",Germany,"1,98 m",Goalkeeper,"€250k Last update: May 27, 2024"
Sheffield United,"#15                    
                                Anel Ahmedhodzic","Mar 26, 1999 (25)",Sweden,"1,90 m",Centre-Back,"€18.00m Last update: May 27, 2024"
Sheffield United,"#5                    
                                Auston Trusty","Aug 12, 1998 (25)",United States,"1,90 m",Centre-Back,"€7.00m Last update: May 27, 2024"
Sheffield United,"#12                    
                                John Egan","Oct 20, 1992 (31)",Ireland,"1,85 m",Centre-Back,"€4.00m Last update: May 27, 2024"
Sheffield United,"#19                    
                                Jack Robinson","Sep 1, 1993 (30)",England,"1,80 m",Centre-Back,"€1.00m Last update: May 27, 2024"
Sheffield United,"#6                    
                                Chris Basham","Jul 20, 1988 (35)",England,"1,90 m",Centre-Back,"€300k Last update: May 27, 2024"
Sheffield United,"#27                    
                                Yasser Larouci","Jan 1, 2001 (23)",Algeria,"1,76 m",Left-Back,"€3.00m Last update: May 27, 2024"
Sheffield United,"#3                    
                                Max Lowe","May 11, 1997 (27)",England,"1,75 m",Left-Back,"€2.50m Last update: May 27, 2024"
Sheffield United,"#33                    
                                Rhys Norrington-Davies","Apr 22, 1999 (25)",Saudi Arabia,"1,81 m",Left-Back,"€2.50m Last update: May 27, 2024"
Sheffield United,"#20                    
                                Jayden Bogle","Jul 27, 2000 (23)",England,"1,78 m",Right-Back,"€3.80m Last update: May 27, 2024"
Sheffield United,"#2                    
                                George Baldock","Mar 9, 1993 (31)",England,"1,78 m",Right-Back,"€2.50m Last update: May 27, 2024"
Sheffield United,Femi Seriki,"Apr 28, 2002 (22)",England,"1,83 m",Right-Back,"€300k Last update: May 24, 2024"
Sheffield United,"#21                    
                                Vini Souza","Jun 17, 1999 (24)",Brazil,"1,87 m",Defensive Midfield,"€12.00m Last update: May 27, 2024"
Sheffield United,"#8                    
                                Gustavo Hamer","Jun 24, 1997 (26)",Brazil,"1,69 m",Central Midfield,"€15.00m Last update: May 27, 2024"
Sheffield United,"#22                    
                                Tom Davies","Jun 30, 1998 (25)",England,"1,80 m",Central Midfield,"€5.00m Last update: May 27, 2024"
Sheffield United,"#25                    
                                Anis Slimane","Mar 16, 2001 (23)",Denmark,"1,88 m",Central Midfield,"€2.50m Last update: May 27, 2024"
Sheffield United,"#35                    
                                Andre Brooks","Aug 20, 2003 (20)",England,"1,80 m",Central Midfield,"€2.50m Last update: May 27, 2024"
Sheffield United,"#16                    
                                Oliver Norwood","Apr 12, 1991 (33)",England,"1,75 m",Central Midfield,"€1.00m Last update: May 27, 2024"
Sheffield United,"#23                    
                                Ben Osborn","Aug 5, 1994 (29)",England,"1,76 m",Central Midfield,"€1.00m Last update: May 27, 2024"
Sheffield United,"#24                    
                                Oliver Arblaster","Jan 8, 2004 (20)",England,"1,80 m",Central Midfield,"€450k Last update: May 27, 2024"
Sheffield United,"#11                    
                                Ben Brereton Díaz","Apr 18, 1999 (25)",England,"1,85 m",Left Winger,"€8.00m Last update: May 27, 2024"
Sheffield United,"#10                    
                                Cameron Archer","Dec 9, 2001 (22)",England,"1,75 m",Centre-Forward,"€13.00m Last update: May 27, 2024"
Sheffield United,"#9                    
                                Oli McBurnie","Jun 4, 1996 (27)",England,"1,88 m",Centre-Forward,"€4.50m Last update: May 27, 2024"
Sheffield United,"#7                    
                                Rhian Brewster","Apr 1, 2000 (24)",England,"1,80 m",Centre-Forward,"€3.00m Last update: May 27, 2024"
Sheffield United,"#32                    
                                William Osula","Aug 4, 2003 (20)",Denmark,"1,86 m",Centre-Forward,"€3.00m Last update: May 27, 2024"
Sheffield United,"#36                    
                                Daniel Jebbison","Jul 11, 2003 (20)",Canada,"1,90 m",Centre-Forward,"€1.00m Last update: May 27, 2024"
Luton Town,"#24                    
                                Thomas Kaminski","Oct 23, 1992 (31)",Belgium,"1,90 m",Goalkeeper,"€3.00m Last update: May 27, 2024"
Luton Town,"#23                    
                                Tim Krul","Apr 3, 1988 (36)",Netherlands,"1,93 m",Goalkeeper,"€500k Last update: May 27, 2024"
Luton Town,Jack Walton,"Apr 23, 1998 (26)",England,"1,84 m",Goalkeeper,"€400k Last update: May 27, 2024"
Luton Town,"#1                    
                                James Shea","Jun 16, 1991 (32)",England,"1,85 m",Goalkeeper,"€200k Last update: May 27, 2024"
Luton Town,"#15                    
                                Teden Mengi","Apr 30, 2002 (22)",England,"1,86 m",Centre-Back,"€12.00m Last update: May 27, 2024"
Luton Town,Tom Holmes,"Mar 12, 2000 (24)",England,"1,89 m",Centre-Back,"€3.50m Last update: Dec 27, 2023"
Luton Town,"#2                    
                                Gabriel Osho","Aug 14, 1998 (25)",England,"1,85 m",Centre-Back,"€3.00m Last update: May 27, 2024"
Luton Town,"#5                    
                                Mads Andersen","Dec 27, 1997 (26)",Denmark,"1,94 m",Centre-Back,"€3.00m Last update: May 27, 2024"
Luton Town,"#4                    
                                Tom Lockyer","Dec 3, 1994 (29)",Wales,"1,85 m",Centre-Back,"€2.50m Last update: May 27, 2024"
Luton Town,"#16                    
                                Reece Burke","Sep 2, 1996 (27)",England,"1,89 m",Centre-Back,"€1.80m Last update: May 27, 2024"
Luton Town,Ryan Giles,"Jan 26, 2000 (24)",England,"1,79 m",Left-Back,"€4.50m Last update: May 24, 2024"
Luton Town,"#29                    
                                Amari'i Bell","May 5, 1994 (30)",England,"1,80 m",Left-Back,"€2.50m Last update: May 27, 2024"
Luton Town,"#3                    
                                Dan Potts","Apr 13, 1994 (30)",England,"1,73 m",Left-Back,"€900k Last update: May 27, 2024"
Luton Town,"#27                    
                                Daiki Hashioka","May 17, 1999 (25)",Japan,"1,84 m",Right-Back,"€2.00m Last update: May 27, 2024"
Luton Town,"#13                    
                                Marvelous Nakamba","Jan 19, 1994 (30)",Zimbabwe,"1,77 m",Defensive Midfield,"€5.00m Last update: May 27, 2024"
Luton Town,"#17                    
                                Pelly Ruddock Mpanzu","Mar 22, 1994 (30)",England,"1,75 m",Defensive Midfield,"€1.50m Last update: May 27, 2024"
Luton Town,"#6                    
                                Ross Barkley","Dec 5, 1993 (30)",England,"1,89 m",Central Midfield,"€8.00m Last update: May 27, 2024"
Luton Town,Allan Campbell,"Jul 4, 1998 (25)",Scotland,"1,74 m",Central Midfield,"€2.00m Last update: May 24, 2024"
Luton Town,"#18                    
                                Jordan Clark","Sep 22, 1993 (30)",England,"1,83 m",Central Midfield,"€1.00m Last update: May 27, 2024"
Luton Town,"#8                    
                                Luke Berry","Jul 12, 1992 (31)",England,"1,77 m",Central Midfield,"€400k Last update: May 27, 2024"
Luton Town,Louie Watson,"Jun 7, 2001 (22)",England,"1,80 m",Central Midfield,"€250k Last update: Dec 27, 2023"
Luton Town,"#28                    
                                Elliot Thorpe","Nov 9, 2000 (23)",England,"1,76 m",Central Midfield,"€200k Last update: May 27, 2024"
Luton Town,"#45                    
                                Alfie Doughty","Dec 21, 1999 (24)",England,"1,83 m",Left Midfield,"€10.00m Last update: May 27, 2024"
Luton Town,"#32                    
                                Fred Onyedinma","Nov 24, 1996 (27)",Nigeria,"1,85 m",Attacking Midfield,"€500k Last update: May 27, 2024"
Luton Town,Dion Pereira,"Mar 25, 1999 (25)",England,"1,80 m",Left Winger,"€175k Last update: Dec 29, 2023"
Luton Town,"#7                    
                                Chiedozie Ogbene","May 1, 1997 (27)",Nigeria,"1,81 m",Right Winger,"€8.00m Last update: May 27, 2024"
Luton Town,"#14                    
                                Tahith Chong","Dec 4, 1999 (24)",Netherlands Antilles,"1,85 m",Right Winger,"€6.00m Last update: May 27, 2024"
Luton Town,"#30                    
                                Andros Townsend","Jul 16, 1991 (32)",England,"1,81 m",Right Winger,"€1.80m Last update: May 27, 2024"
Luton Town,John McAtee,"Jul 23, 1999 (24)",England,"1,80 m",Second Striker,"€300k Last update: Dec 27, 2023"
Luton Town,"#9                    
                                Carlton Morris","Dec 16, 1995 (28)",England,"1,85 m",Centre-Forward,"€13.00m Last update: May 27, 2024"
Luton Town,"#11                    
                                Elijah Adebayo","Jan 7, 1998 (26)",England,"1,93 m",Centre-Forward,"€12.00m Last update: May 27, 2024"
Luton Town,"#19                    
                                Jacob Brown","Apr 10, 1998 (26)",England,"1,78 m",Centre-Forward,"€4.00m Last update: May 27, 2024"
Luton Town,"#10                    
                                Cauley Woodrow","Dec 2, 1994 (29)",England,"1,84 m",Centre-Forward,"€1.00m Last update: May 27, 2024"
Luton Town,Joe Taylor,"Nov 18, 2002 (21)",England,Centre-Forward,N/A,"€350k Last update: Dec 29, 2023"
Luton Town,Admiral Muskwe,"Aug 21, 1998 (25)",England,"1,83 m",Centre-Forward,"€275k Last update: Dec 27, 2023"
Luton Town,Aribim Pepple,"Dec 25, 2002 (21)",England,"1,85 m",Centre-Forward,"€100k Last update: Jun 1, 2023"
